"Codice comune";"Comune";"Età";"Totale maschi";"Totale femmine";"Totale"
"038001";"Argenta";0;59;60;119
"038001";"Argenta";1;46;62;108
"038001";"Argenta";2;57;59;116
"038001";"Argenta";3;59;63;122
"038001";"Argenta";4;68;67;135
"038001";"Argenta";5;72;66;138
"038001";"Argenta";6;85;70;155
"038001";"Argenta";7;82;55;137
"038001";"Argenta";8;71;85;156
"038001";"Argenta";9;73;94;167
"038001";"Argenta";10;91;72;163
"038001";"Argenta";11;93;82;175
"038001";"Argenta";12;98;88;186
"038001";"Argenta";13;85;101;186
"038001";"Argenta";14;101;105;206
"038001";"Argenta";15;90;93;183
"038001";"Argenta";16;91;76;167
"038001";"Argenta";17;94;97;191
"038001";"Argenta";18;99;88;187
"038001";"Argenta";19;102;76;178
"038001";"Argenta";20;104;94;198
"038001";"Argenta";21;97;80;177
"038001";"Argenta";22;99;94;193
"038001";"Argenta";23;86;96;182
"038001";"Argenta";24;99;101;200
"038001";"Argenta";25;103;75;178
"038001";"Argenta";26;112;86;198
"038001";"Argenta";27;120;82;202
"038001";"Argenta";28;117;88;205
"038001";"Argenta";29;125;94;219
"038001";"Argenta";30;110;88;198
"038001";"Argenta";31;111;95;206
"038001";"Argenta";32;97;92;189
"038001";"Argenta";33;118;90;208
"038001";"Argenta";34;104;102;206
"038001";"Argenta";35;100;102;202
"038001";"Argenta";36;119;100;219
"038001";"Argenta";37;124;111;235
"038001";"Argenta";38;102;124;226
"038001";"Argenta";39;108;86;194
"038001";"Argenta";40;114;102;216
"038001";"Argenta";41;130;110;240
"038001";"Argenta";42;139;130;269
"038001";"Argenta";43;133;114;247
"038001";"Argenta";44;132;133;265
"038001";"Argenta";45;132;122;254
"038001";"Argenta";46;153;145;298
"038001";"Argenta";47;147;139;286
"038001";"Argenta";48;154;147;301
"038001";"Argenta";49;172;160;332
"038001";"Argenta";50;158;145;303
"038001";"Argenta";51;183;158;341
"038001";"Argenta";52;184;161;345
"038001";"Argenta";53;173;179;352
"038001";"Argenta";54;186;172;358
"038001";"Argenta";55;174;165;339
"038001";"Argenta";56;164;170;334
"038001";"Argenta";57;195;196;391
"038001";"Argenta";58;147;149;296
"038001";"Argenta";59;191;182;373
"038001";"Argenta";60;183;163;346
"038001";"Argenta";61;169;171;340
"038001";"Argenta";62;163;191;354
"038001";"Argenta";63;168;164;332
"038001";"Argenta";64;165;180;345
"038001";"Argenta";65;163;169;332
"038001";"Argenta";66;150;165;315
"038001";"Argenta";67;139;143;282
"038001";"Argenta";68;160;139;299
"038001";"Argenta";69;155;149;304
"038001";"Argenta";70;122;135;257
"038001";"Argenta";71;136;160;296
"038001";"Argenta";72;116;155;271
"038001";"Argenta";73;110;131;241
"038001";"Argenta";74;117;125;242
"038001";"Argenta";75;124;144;268
"038001";"Argenta";76;123;126;249
"038001";"Argenta";77;126;152;278
"038001";"Argenta";78;125;141;266
"038001";"Argenta";79;122;143;265
"038001";"Argenta";80;69;91;160
"038001";"Argenta";81;82;113;195
"038001";"Argenta";82;94;98;192
"038001";"Argenta";83;55;99;154
"038001";"Argenta";84;59;96;155
"038001";"Argenta";85;78;113;191
"038001";"Argenta";86;69;109;178
"038001";"Argenta";87;50;107;157
"038001";"Argenta";88;44;79;123
"038001";"Argenta";89;32;72;104
"038001";"Argenta";90;34;62;96
"038001";"Argenta";91;36;52;88
"038001";"Argenta";92;26;45;71
"038001";"Argenta";93;24;43;67
"038001";"Argenta";94;10;19;29
"038001";"Argenta";95;11;23;34
"038001";"Argenta";96;7;16;23
"038001";"Argenta";97;2;17;19
"038001";"Argenta";98;3;3;6
"038001";"Argenta";99;1;8;9
"038001";"Argenta";100;4;8;12
"038001";"Argenta";999;10558;10737;21295
"038003";"Bondeno";0;45;23;68
"038003";"Bondeno";1;42;49;91
"038003";"Bondeno";2;49;33;82
"038003";"Bondeno";3;44;48;92
"038003";"Bondeno";4;45;47;92
"038003";"Bondeno";5;38;30;68
"038003";"Bondeno";6;51;43;94
"038003";"Bondeno";7;50;40;90
"038003";"Bondeno";8;56;49;105
"038003";"Bondeno";9;63;55;118
"038003";"Bondeno";10;49;44;93
"038003";"Bondeno";11;64;62;126
"038003";"Bondeno";12;68;49;117
"038003";"Bondeno";13;54;76;130
"038003";"Bondeno";14;51;56;107
"038003";"Bondeno";15;81;72;153
"038003";"Bondeno";16;58;80;138
"038003";"Bondeno";17;55;63;118
"038003";"Bondeno";18;78;65;143
"038003";"Bondeno";19;62;52;114
"038003";"Bondeno";20;62;67;129
"038003";"Bondeno";21;63;72;135
"038003";"Bondeno";22;64;63;127
"038003";"Bondeno";23;66;59;125
"038003";"Bondeno";24;69;51;120
"038003";"Bondeno";25;64;63;127
"038003";"Bondeno";26;73;59;132
"038003";"Bondeno";27;76;57;133
"038003";"Bondeno";28;91;73;164
"038003";"Bondeno";29;76;71;147
"038003";"Bondeno";30;81;46;127
"038003";"Bondeno";31;71;50;121
"038003";"Bondeno";32;70;54;124
"038003";"Bondeno";33;79;46;125
"038003";"Bondeno";34;65;57;122
"038003";"Bondeno";35;65;65;130
"038003";"Bondeno";36;71;59;130
"038003";"Bondeno";37;69;74;143
"038003";"Bondeno";38;80;70;150
"038003";"Bondeno";39;82;78;160
"038003";"Bondeno";40;93;70;163
"038003";"Bondeno";41;80;60;140
"038003";"Bondeno";42;89;95;184
"038003";"Bondeno";43;89;65;154
"038003";"Bondeno";44;73;69;142
"038003";"Bondeno";45;75;77;152
"038003";"Bondeno";46;106;96;202
"038003";"Bondeno";47;96;82;178
"038003";"Bondeno";48;105;99;204
"038003";"Bondeno";49;116;90;206
"038003";"Bondeno";50;101;100;201
"038003";"Bondeno";51;112;124;236
"038003";"Bondeno";52;114;116;230
"038003";"Bondeno";53;118;123;241
"038003";"Bondeno";54;135;103;238
"038003";"Bondeno";55;134;107;241
"038003";"Bondeno";56;134;122;256
"038003";"Bondeno";57;115;118;233
"038003";"Bondeno";58;124;117;241
"038003";"Bondeno";59;145;114;259
"038003";"Bondeno";60;126;122;248
"038003";"Bondeno";61;111;122;233
"038003";"Bondeno";62;110;90;200
"038003";"Bondeno";63;123;111;234
"038003";"Bondeno";64;107;110;217
"038003";"Bondeno";65;102;101;203
"038003";"Bondeno";66;98;128;226
"038003";"Bondeno";67;103;98;201
"038003";"Bondeno";68;114;103;217
"038003";"Bondeno";69;99;111;210
"038003";"Bondeno";70;88;107;195
"038003";"Bondeno";71;77;93;170
"038003";"Bondeno";72;97;84;181
"038003";"Bondeno";73;90;81;171
"038003";"Bondeno";74;92;87;179
"038003";"Bondeno";75;84;95;179
"038003";"Bondeno";76;74;79;153
"038003";"Bondeno";77;70;105;175
"038003";"Bondeno";78;79;88;167
"038003";"Bondeno";79;73;102;175
"038003";"Bondeno";80;45;76;121
"038003";"Bondeno";81;49;66;115
"038003";"Bondeno";82;43;76;119
"038003";"Bondeno";83;55;67;122
"038003";"Bondeno";84;28;65;93
"038003";"Bondeno";85;52;68;120
"038003";"Bondeno";86;40;58;98
"038003";"Bondeno";87;37;55;92
"038003";"Bondeno";88;25;52;77
"038003";"Bondeno";89;21;52;73
"038003";"Bondeno";90;17;47;64
"038003";"Bondeno";91;18;38;56
"038003";"Bondeno";92;16;28;44
"038003";"Bondeno";93;7;25;32
"038003";"Bondeno";94;7;22;29
"038003";"Bondeno";95;3;15;18
"038003";"Bondeno";96;6;15;21
"038003";"Bondeno";97;5;11;16
"038003";"Bondeno";98;1;6;7
"038003";"Bondeno";99;2;2;4
"038003";"Bondeno";100;2;11;13
"038003";"Bondeno";999;7090;7089;14179
"038004";"Cento";0;118;102;220
"038004";"Cento";1;115;124;239
"038004";"Cento";2;122;112;234
"038004";"Cento";3;120;111;231
"038004";"Cento";4;144;133;277
"038004";"Cento";5;111;125;236
"038004";"Cento";6;165;145;310
"038004";"Cento";7;154;148;302
"038004";"Cento";8;154;155;309
"038004";"Cento";9;170;164;334
"038004";"Cento";10;172;137;309
"038004";"Cento";11;175;160;335
"038004";"Cento";12;177;179;356
"038004";"Cento";13;195;169;364
"038004";"Cento";14;187;179;366
"038004";"Cento";15;197;205;402
"038004";"Cento";16;203;185;388
"038004";"Cento";17;216;192;408
"038004";"Cento";18;202;187;389
"038004";"Cento";19;193;204;397
"038004";"Cento";20;186;173;359
"038004";"Cento";21;186;176;362
"038004";"Cento";22;183;188;371
"038004";"Cento";23;196;145;341
"038004";"Cento";24;196;206;402
"038004";"Cento";25;179;143;322
"038004";"Cento";26;191;154;345
"038004";"Cento";27;206;157;363
"038004";"Cento";28;212;165;377
"038004";"Cento";29;192;196;388
"038004";"Cento";30;184;201;385
"038004";"Cento";31;184;190;374
"038004";"Cento";32;191;185;376
"038004";"Cento";33;203;193;396
"038004";"Cento";34;205;188;393
"038004";"Cento";35;211;196;407
"038004";"Cento";36;216;214;430
"038004";"Cento";37;192;206;398
"038004";"Cento";38;214;179;393
"038004";"Cento";39;170;199;369
"038004";"Cento";40;182;215;397
"038004";"Cento";41;214;205;419
"038004";"Cento";42;211;212;423
"038004";"Cento";43;221;198;419
"038004";"Cento";44;231;223;454
"038004";"Cento";45;236;232;468
"038004";"Cento";46;255;254;509
"038004";"Cento";47;251;254;505
"038004";"Cento";48;286;274;560
"038004";"Cento";49;284;286;570
"038004";"Cento";50;278;305;583
"038004";"Cento";51;314;304;618
"038004";"Cento";52;356;304;660
"038004";"Cento";53;332;292;624
"038004";"Cento";54;296;309;605
"038004";"Cento";55;305;294;599
"038004";"Cento";56;305;322;627
"038004";"Cento";57;312;303;615
"038004";"Cento";58;271;287;558
"038004";"Cento";59;297;255;552
"038004";"Cento";60;292;258;550
"038004";"Cento";61;280;260;540
"038004";"Cento";62;268;258;526
"038004";"Cento";63;243;267;510
"038004";"Cento";64;217;261;478
"038004";"Cento";65;243;221;464
"038004";"Cento";66;231;232;463
"038004";"Cento";67;194;190;384
"038004";"Cento";68;208;246;454
"038004";"Cento";69;209;231;440
"038004";"Cento";70;200;176;376
"038004";"Cento";71;186;216;402
"038004";"Cento";72;173;194;367
"038004";"Cento";73;155;203;358
"038004";"Cento";74;158;182;340
"038004";"Cento";75;141;191;332
"038004";"Cento";76;147;188;335
"038004";"Cento";77;177;196;373
"038004";"Cento";78;192;198;390
"038004";"Cento";79;163;222;385
"038004";"Cento";80;107;127;234
"038004";"Cento";81;121;122;243
"038004";"Cento";82;125;142;267
"038004";"Cento";83;98;146;244
"038004";"Cento";84;106;120;226
"038004";"Cento";85;80;125;205
"038004";"Cento";86;93;131;224
"038004";"Cento";87;79;120;199
"038004";"Cento";88;67;105;172
"038004";"Cento";89;47;75;122
"038004";"Cento";90;39;67;106
"038004";"Cento";91;38;49;87
"038004";"Cento";92;30;43;73
"038004";"Cento";93;17;50;67
"038004";"Cento";94;15;39;54
"038004";"Cento";95;12;25;37
"038004";"Cento";96;10;21;31
"038004";"Cento";97;2;21;23
"038004";"Cento";98;2;10;12
"038004";"Cento";99;0;4;4
"038004";"Cento";100;5;12;17
"038004";"Cento";999;17794;18042;35836
"038005";"Codigoro";0;18;21;39
"038005";"Codigoro";1;29;23;52
"038005";"Codigoro";2;24;23;47
"038005";"Codigoro";3;30;26;56
"038005";"Codigoro";4;27;22;49
"038005";"Codigoro";5;31;30;61
"038005";"Codigoro";6;30;27;57
"038005";"Codigoro";7;27;33;60
"038005";"Codigoro";8;34;28;62
"038005";"Codigoro";9;16;36;52
"038005";"Codigoro";10;34;42;76
"038005";"Codigoro";11;41;38;79
"038005";"Codigoro";12;39;30;69
"038005";"Codigoro";13;42;49;91
"038005";"Codigoro";14;39;30;69
"038005";"Codigoro";15;27;47;74
"038005";"Codigoro";16;26;39;65
"038005";"Codigoro";17;57;39;96
"038005";"Codigoro";18;36;42;78
"038005";"Codigoro";19;43;28;71
"038005";"Codigoro";20;50;44;94
"038005";"Codigoro";21;48;35;83
"038005";"Codigoro";22;44;27;71
"038005";"Codigoro";23;59;43;102
"038005";"Codigoro";24;32;34;66
"038005";"Codigoro";25;45;44;89
"038005";"Codigoro";26;43;41;84
"038005";"Codigoro";27;41;45;86
"038005";"Codigoro";28;44;32;76
"038005";"Codigoro";29;49;38;87
"038005";"Codigoro";30;50;35;85
"038005";"Codigoro";31;45;40;85
"038005";"Codigoro";32;44;31;75
"038005";"Codigoro";33;50;41;91
"038005";"Codigoro";34;51;50;101
"038005";"Codigoro";35;55;48;103
"038005";"Codigoro";36;56;44;100
"038005";"Codigoro";37;55;57;112
"038005";"Codigoro";38;39;50;89
"038005";"Codigoro";39;62;48;110
"038005";"Codigoro";40;46;44;90
"038005";"Codigoro";41;65;48;113
"038005";"Codigoro";42;51;60;111
"038005";"Codigoro";43;51;52;103
"038005";"Codigoro";44;70;71;141
"038005";"Codigoro";45;79;59;138
"038005";"Codigoro";46;71;56;127
"038005";"Codigoro";47;67;91;158
"038005";"Codigoro";48;75;100;175
"038005";"Codigoro";49;81;84;165
"038005";"Codigoro";50;100;94;194
"038005";"Codigoro";51;87;85;172
"038005";"Codigoro";52;87;81;168
"038005";"Codigoro";53;84;84;168
"038005";"Codigoro";54;74;74;148
"038005";"Codigoro";55;81;95;176
"038005";"Codigoro";56;117;96;213
"038005";"Codigoro";57;79;97;176
"038005";"Codigoro";58;86;92;178
"038005";"Codigoro";59;96;86;182
"038005";"Codigoro";60;111;105;216
"038005";"Codigoro";61;95;111;206
"038005";"Codigoro";62;82;90;172
"038005";"Codigoro";63;85;105;190
"038005";"Codigoro";64;95;109;204
"038005";"Codigoro";65;84;117;201
"038005";"Codigoro";66;103;105;208
"038005";"Codigoro";67;88;97;185
"038005";"Codigoro";68;84;94;178
"038005";"Codigoro";69;83;84;167
"038005";"Codigoro";70;86;84;170
"038005";"Codigoro";71;85;78;163
"038005";"Codigoro";72;63;75;138
"038005";"Codigoro";73;69;81;150
"038005";"Codigoro";74;68;88;156
"038005";"Codigoro";75;72;82;154
"038005";"Codigoro";76;74;91;165
"038005";"Codigoro";77;61;99;160
"038005";"Codigoro";78;86;80;166
"038005";"Codigoro";79;66;78;144
"038005";"Codigoro";80;51;50;101
"038005";"Codigoro";81;50;86;136
"038005";"Codigoro";82;41;65;106
"038005";"Codigoro";83;45;81;126
"038005";"Codigoro";84;40;59;99
"038005";"Codigoro";85;37;79;116
"038005";"Codigoro";86;25;51;76
"038005";"Codigoro";87;47;62;109
"038005";"Codigoro";88;23;51;74
"038005";"Codigoro";89;27;41;68
"038005";"Codigoro";90;18;40;58
"038005";"Codigoro";91;24;34;58
"038005";"Codigoro";92;10;20;30
"038005";"Codigoro";93;9;14;23
"038005";"Codigoro";94;5;15;20
"038005";"Codigoro";95;3;15;18
"038005";"Codigoro";96;3;8;11
"038005";"Codigoro";97;5;6;11
"038005";"Codigoro";98;0;4;4
"038005";"Codigoro";99;0;2;2
"038005";"Codigoro";100;2;3;5
"038005";"Codigoro";999;5264;5668;10932
"038006";"Comacchio";0;39;45;84
"038006";"Comacchio";1;46;46;92
"038006";"Comacchio";2;33;46;79
"038006";"Comacchio";3;52;37;89
"038006";"Comacchio";4;58;63;121
"038006";"Comacchio";5;48;59;107
"038006";"Comacchio";6;46;50;96
"038006";"Comacchio";7;57;44;101
"038006";"Comacchio";8;67;52;119
"038006";"Comacchio";9;61;62;123
"038006";"Comacchio";10;92;56;148
"038006";"Comacchio";11;61;67;128
"038006";"Comacchio";12;80;71;151
"038006";"Comacchio";13;89;72;161
"038006";"Comacchio";14;82;73;155
"038006";"Comacchio";15;91;65;156
"038006";"Comacchio";16;93;95;188
"038006";"Comacchio";17;99;88;187
"038006";"Comacchio";18;103;76;179
"038006";"Comacchio";19;85;83;168
"038006";"Comacchio";20;84;82;166
"038006";"Comacchio";21;94;86;180
"038006";"Comacchio";22;108;96;204
"038006";"Comacchio";23;74;95;169
"038006";"Comacchio";24;92;76;168
"038006";"Comacchio";25;106;110;216
"038006";"Comacchio";26;108;94;202
"038006";"Comacchio";27;94;103;197
"038006";"Comacchio";28;90;81;171
"038006";"Comacchio";29;100;104;204
"038006";"Comacchio";30;93;88;181
"038006";"Comacchio";31;107;83;190
"038006";"Comacchio";32;84;94;178
"038006";"Comacchio";33;98;85;183
"038006";"Comacchio";34;111;98;209
"038006";"Comacchio";35;105;98;203
"038006";"Comacchio";36;100;84;184
"038006";"Comacchio";37;105;115;220
"038006";"Comacchio";38;111;118;229
"038006";"Comacchio";39;109;95;204
"038006";"Comacchio";40;105;109;214
"038006";"Comacchio";41;111;117;228
"038006";"Comacchio";42;123;133;256
"038006";"Comacchio";43;118;124;242
"038006";"Comacchio";44;148;135;283
"038006";"Comacchio";45;143;161;304
"038006";"Comacchio";46;142;143;285
"038006";"Comacchio";47;187;178;365
"038006";"Comacchio";48;154;172;326
"038006";"Comacchio";49;181;180;361
"038006";"Comacchio";50;204;194;398
"038006";"Comacchio";51;197;213;410
"038006";"Comacchio";52;212;187;399
"038006";"Comacchio";53;223;228;451
"038006";"Comacchio";54;204;199;403
"038006";"Comacchio";55;198;185;383
"038006";"Comacchio";56;202;190;392
"038006";"Comacchio";57;208;224;432
"038006";"Comacchio";58;198;208;406
"038006";"Comacchio";59;185;175;360
"038006";"Comacchio";60;199;192;391
"038006";"Comacchio";61;178;203;381
"038006";"Comacchio";62;201;201;402
"038006";"Comacchio";63;172;183;355
"038006";"Comacchio";64;160;170;330
"038006";"Comacchio";65;178;209;387
"038006";"Comacchio";66;194;195;389
"038006";"Comacchio";67;177;177;354
"038006";"Comacchio";68;177;160;337
"038006";"Comacchio";69;172;170;342
"038006";"Comacchio";70;148;183;331
"038006";"Comacchio";71;148;171;319
"038006";"Comacchio";72;128;170;298
"038006";"Comacchio";73;150;169;319
"038006";"Comacchio";74;155;165;320
"038006";"Comacchio";75;157;157;314
"038006";"Comacchio";76;136;170;306
"038006";"Comacchio";77;129;154;283
"038006";"Comacchio";78;137;142;279
"038006";"Comacchio";79;163;175;338
"038006";"Comacchio";80;76;86;162
"038006";"Comacchio";81;107;97;204
"038006";"Comacchio";82;86;100;186
"038006";"Comacchio";83;78;97;175
"038006";"Comacchio";84;80;97;177
"038006";"Comacchio";85;88;98;186
"038006";"Comacchio";86;68;71;139
"038006";"Comacchio";87;43;77;120
"038006";"Comacchio";88;44;67;111
"038006";"Comacchio";89;35;48;83
"038006";"Comacchio";90;23;55;78
"038006";"Comacchio";91;22;36;58
"038006";"Comacchio";92;12;33;45
"038006";"Comacchio";93;5;27;32
"038006";"Comacchio";94;8;21;29
"038006";"Comacchio";95;3;13;16
"038006";"Comacchio";96;5;8;13
"038006";"Comacchio";97;0;8;8
"038006";"Comacchio";98;2;6;8
"038006";"Comacchio";99;1;2;3
"038006";"Comacchio";100;1;6;7
"038006";"Comacchio";999;10844;11159;22003
"038007";"Copparo";0;28;31;59
"038007";"Copparo";1;33;25;58
"038007";"Copparo";2;43;25;68
"038007";"Copparo";3;46;38;84
"038007";"Copparo";4;42;39;81
"038007";"Copparo";5;34;23;57
"038007";"Copparo";6;44;54;98
"038007";"Copparo";7;35;47;82
"038007";"Copparo";8;52;48;100
"038007";"Copparo";9;34;41;75
"038007";"Copparo";10;42;55;97
"038007";"Copparo";11;50;50;100
"038007";"Copparo";12;52;46;98
"038007";"Copparo";13;55;47;102
"038007";"Copparo";14;62;50;112
"038007";"Copparo";15;53;56;109
"038007";"Copparo";16;58;68;126
"038007";"Copparo";17;65;59;124
"038007";"Copparo";18;64;66;130
"038007";"Copparo";19;76;62;138
"038007";"Copparo";20;73;52;125
"038007";"Copparo";21;72;75;147
"038007";"Copparo";22;64;55;119
"038007";"Copparo";23;69;67;136
"038007";"Copparo";24;68;53;121
"038007";"Copparo";25;69;51;120
"038007";"Copparo";26;71;59;130
"038007";"Copparo";27;75;44;119
"038007";"Copparo";28;66;65;131
"038007";"Copparo";29;72;62;134
"038007";"Copparo";30;58;56;114
"038007";"Copparo";31;78;62;140
"038007";"Copparo";32;70;60;130
"038007";"Copparo";33;64;66;130
"038007";"Copparo";34;74;62;136
"038007";"Copparo";35;63;72;135
"038007";"Copparo";36;59;63;122
"038007";"Copparo";37;65;59;124
"038007";"Copparo";38;56;52;108
"038007";"Copparo";39;71;69;140
"038007";"Copparo";40;77;77;154
"038007";"Copparo";41;70;84;154
"038007";"Copparo";42;74;65;139
"038007";"Copparo";43;72;85;157
"038007";"Copparo";44;64;90;154
"038007";"Copparo";45;83;77;160
"038007";"Copparo";46;81;98;179
"038007";"Copparo";47;107;101;208
"038007";"Copparo";48;126;113;239
"038007";"Copparo";49;123;118;241
"038007";"Copparo";50;128;119;247
"038007";"Copparo";51;138;129;267
"038007";"Copparo";52;143;142;285
"038007";"Copparo";53;142;161;303
"038007";"Copparo";54;152;148;300
"038007";"Copparo";55;127;128;255
"038007";"Copparo";56;150;155;305
"038007";"Copparo";57;134;133;267
"038007";"Copparo";58;139;120;259
"038007";"Copparo";59;115;151;266
"038007";"Copparo";60;154;145;299
"038007";"Copparo";61;130;131;261
"038007";"Copparo";62;121;150;271
"038007";"Copparo";63;143;138;281
"038007";"Copparo";64;118;139;257
"038007";"Copparo";65;113;115;228
"038007";"Copparo";66;106;141;247
"038007";"Copparo";67;115;139;254
"038007";"Copparo";68;111;128;239
"038007";"Copparo";69;109;119;228
"038007";"Copparo";70;104;132;236
"038007";"Copparo";71;115;114;229
"038007";"Copparo";72;108;130;238
"038007";"Copparo";73;84;105;189
"038007";"Copparo";74;91;121;212
"038007";"Copparo";75;95;124;219
"038007";"Copparo";76;115;109;224
"038007";"Copparo";77;121;134;255
"038007";"Copparo";78;106;133;239
"038007";"Copparo";79;106;128;234
"038007";"Copparo";80;65;87;152
"038007";"Copparo";81;78;98;176
"038007";"Copparo";82;60;83;143
"038007";"Copparo";83;61;92;153
"038007";"Copparo";84;48;95;143
"038007";"Copparo";85;68;97;165
"038007";"Copparo";86;49;99;148
"038007";"Copparo";87;53;74;127
"038007";"Copparo";88;53;65;118
"038007";"Copparo";89;30;53;83
"038007";"Copparo";90;36;70;106
"038007";"Copparo";91;20;52;72
"038007";"Copparo";92;26;42;68
"038007";"Copparo";93;7;38;45
"038007";"Copparo";94;12;26;38
"038007";"Copparo";95;7;21;28
"038007";"Copparo";96;5;15;20
"038007";"Copparo";97;2;6;8
"038007";"Copparo";98;4;4;8
"038007";"Copparo";99;1;4;5
"038007";"Copparo";100;3;10;13
"038007";"Copparo";999;7523;8134;15657
"038008";"Ferrara";0;333;312;645
"038008";"Ferrara";1;365;325;690
"038008";"Ferrara";2;366;340;706
"038008";"Ferrara";3;370;391;761
"038008";"Ferrara";4;407;332;739
"038008";"Ferrara";5;363;374;737
"038008";"Ferrara";6;384;380;764
"038008";"Ferrara";7;427;412;839
"038008";"Ferrara";8;434;393;827
"038008";"Ferrara";9;439;455;894
"038008";"Ferrara";10;410;418;828
"038008";"Ferrara";11;482;437;919
"038008";"Ferrara";12;475;464;939
"038008";"Ferrara";13;487;465;952
"038008";"Ferrara";14;503;488;991
"038008";"Ferrara";15;522;537;1059
"038008";"Ferrara";16;581;522;1103
"038008";"Ferrara";17;567;509;1076
"038008";"Ferrara";18;565;508;1073
"038008";"Ferrara";19;634;525;1159
"038008";"Ferrara";20;597;490;1087
"038008";"Ferrara";21;601;531;1132
"038008";"Ferrara";22;613;535;1148
"038008";"Ferrara";23;599;592;1191
"038008";"Ferrara";24;652;573;1225
"038008";"Ferrara";25;651;599;1250
"038008";"Ferrara";26;689;562;1251
"038008";"Ferrara";27;746;606;1352
"038008";"Ferrara";28;714;624;1338
"038008";"Ferrara";29;685;611;1296
"038008";"Ferrara";30;699;649;1348
"038008";"Ferrara";31;691;659;1350
"038008";"Ferrara";32;722;652;1374
"038008";"Ferrara";33;731;675;1406
"038008";"Ferrara";34;730;670;1400
"038008";"Ferrara";35;682;659;1341
"038008";"Ferrara";36;717;632;1349
"038008";"Ferrara";37;690;678;1368
"038008";"Ferrara";38;703;662;1365
"038008";"Ferrara";39;701;680;1381
"038008";"Ferrara";40;756;656;1412
"038008";"Ferrara";41;662;695;1357
"038008";"Ferrara";42;687;697;1384
"038008";"Ferrara";43;653;725;1378
"038008";"Ferrara";44;643;717;1360
"038008";"Ferrara";45;712;736;1448
"038008";"Ferrara";46;756;787;1543
"038008";"Ferrara";47;816;816;1632
"038008";"Ferrara";48;856;911;1767
"038008";"Ferrara";49;946;980;1926
"038008";"Ferrara";50;932;997;1929
"038008";"Ferrara";51;1063;1130;2193
"038008";"Ferrara";52;1037;1082;2119
"038008";"Ferrara";53;1054;1127;2181
"038008";"Ferrara";54;1025;1067;2092
"038008";"Ferrara";55;1016;1171;2187
"038008";"Ferrara";56;1070;1160;2230
"038008";"Ferrara";57;1040;1175;2215
"038008";"Ferrara";58;1043;1117;2160
"038008";"Ferrara";59;1070;1145;2215
"038008";"Ferrara";60;1012;1122;2134
"038008";"Ferrara";61;1073;1190;2263
"038008";"Ferrara";62;1020;1166;2186
"038008";"Ferrara";63;966;1103;2069
"038008";"Ferrara";64;939;1142;2081
"038008";"Ferrara";65;948;1083;2031
"038008";"Ferrara";66;943;1021;1964
"038008";"Ferrara";67;870;961;1831
"038008";"Ferrara";68;875;976;1851
"038008";"Ferrara";69;763;954;1717
"038008";"Ferrara";70;768;871;1639
"038008";"Ferrara";71;726;875;1601
"038008";"Ferrara";72;748;834;1582
"038008";"Ferrara";73;715;900;1615
"038008";"Ferrara";74;658;801;1459
"038008";"Ferrara";75;713;884;1597
"038008";"Ferrara";76;655;895;1550
"038008";"Ferrara";77;729;922;1651
"038008";"Ferrara";78;757;951;1708
"038008";"Ferrara";79;699;948;1647
"038008";"Ferrara";80;474;555;1029
"038008";"Ferrara";81;508;688;1196
"038008";"Ferrara";82;489;700;1189
"038008";"Ferrara";83;408;637;1045
"038008";"Ferrara";84;423;602;1025
"038008";"Ferrara";85;397;673;1070
"038008";"Ferrara";86;393;591;984
"038008";"Ferrara";87;337;585;922
"038008";"Ferrara";88;266;500;766
"038008";"Ferrara";89;244;411;655
"038008";"Ferrara";90;199;383;582
"038008";"Ferrara";91;140;332;472
"038008";"Ferrara";92;125;281;406
"038008";"Ferrara";93;90;193;283
"038008";"Ferrara";94;74;182;256
"038008";"Ferrara";95;69;155;224
"038008";"Ferrara";96;34;85;119
"038008";"Ferrara";97;26;67;93
"038008";"Ferrara";98;12;49;61
"038008";"Ferrara";99;6;29;35
"038008";"Ferrara";100;13;66;79
"038008";"Ferrara";999;61868;67180;129048
"038027";"Fiscaglia";0;21;17;38
"038027";"Fiscaglia";1;23;16;39
"038027";"Fiscaglia";2;20;26;46
"038027";"Fiscaglia";3;24;25;49
"038027";"Fiscaglia";4;27;19;46
"038027";"Fiscaglia";5;25;20;45
"038027";"Fiscaglia";6;21;27;48
"038027";"Fiscaglia";7;28;19;47
"038027";"Fiscaglia";8;29;25;54
"038027";"Fiscaglia";9;33;29;62
"038027";"Fiscaglia";10;28;21;49
"038027";"Fiscaglia";11;28;19;47
"038027";"Fiscaglia";12;27;37;64
"038027";"Fiscaglia";13;33;26;59
"038027";"Fiscaglia";14;28;32;60
"038027";"Fiscaglia";15;33;24;57
"038027";"Fiscaglia";16;37;36;73
"038027";"Fiscaglia";17;28;31;59
"038027";"Fiscaglia";18;32;25;57
"038027";"Fiscaglia";19;42;26;68
"038027";"Fiscaglia";20;43;31;74
"038027";"Fiscaglia";21;36;33;69
"038027";"Fiscaglia";22;43;48;91
"038027";"Fiscaglia";23;37;34;71
"038027";"Fiscaglia";24;49;27;76
"038027";"Fiscaglia";25;36;35;71
"038027";"Fiscaglia";26;46;35;81
"038027";"Fiscaglia";27;30;33;63
"038027";"Fiscaglia";28;47;27;74
"038027";"Fiscaglia";29;44;35;79
"038027";"Fiscaglia";30;31;39;70
"038027";"Fiscaglia";31;48;42;90
"038027";"Fiscaglia";32;46;29;75
"038027";"Fiscaglia";33;54;36;90
"038027";"Fiscaglia";34;52;37;89
"038027";"Fiscaglia";35;46;36;82
"038027";"Fiscaglia";36;45;49;94
"038027";"Fiscaglia";37;50;33;83
"038027";"Fiscaglia";38;42;30;72
"038027";"Fiscaglia";39;45;32;77
"038027";"Fiscaglia";40;41;27;68
"038027";"Fiscaglia";41;30;30;60
"038027";"Fiscaglia";42;54;42;96
"038027";"Fiscaglia";43;51;50;101
"038027";"Fiscaglia";44;45;39;84
"038027";"Fiscaglia";45;52;37;89
"038027";"Fiscaglia";46;58;43;101
"038027";"Fiscaglia";47;66;56;122
"038027";"Fiscaglia";48;68;58;126
"038027";"Fiscaglia";49;57;71;128
"038027";"Fiscaglia";50;73;74;147
"038027";"Fiscaglia";51;58;53;111
"038027";"Fiscaglia";52;65;60;125
"038027";"Fiscaglia";53;72;81;153
"038027";"Fiscaglia";54;80;62;142
"038027";"Fiscaglia";55;62;85;147
"038027";"Fiscaglia";56;71;84;155
"038027";"Fiscaglia";57;63;65;128
"038027";"Fiscaglia";58;72;80;152
"038027";"Fiscaglia";59;69;80;149
"038027";"Fiscaglia";60;80;65;145
"038027";"Fiscaglia";61;75;85;160
"038027";"Fiscaglia";62;69;88;157
"038027";"Fiscaglia";63;74;77;151
"038027";"Fiscaglia";64;82;81;163
"038027";"Fiscaglia";65;63;73;136
"038027";"Fiscaglia";66;69;90;159
"038027";"Fiscaglia";67;62;80;142
"038027";"Fiscaglia";68;65;81;146
"038027";"Fiscaglia";69;74;70;144
"038027";"Fiscaglia";70;64;73;137
"038027";"Fiscaglia";71;58;53;111
"038027";"Fiscaglia";72;71;63;134
"038027";"Fiscaglia";73;44;61;105
"038027";"Fiscaglia";74;52;62;114
"038027";"Fiscaglia";75;53;75;128
"038027";"Fiscaglia";76;43;75;118
"038027";"Fiscaglia";77;54;80;134
"038027";"Fiscaglia";78;48;52;100
"038027";"Fiscaglia";79;58;59;117
"038027";"Fiscaglia";80;26;37;63
"038027";"Fiscaglia";81;44;42;86
"038027";"Fiscaglia";82;37;39;76
"038027";"Fiscaglia";83;30;45;75
"038027";"Fiscaglia";84;25;31;56
"038027";"Fiscaglia";85;30;47;77
"038027";"Fiscaglia";86;32;35;67
"038027";"Fiscaglia";87;17;48;65
"038027";"Fiscaglia";88;17;33;50
"038027";"Fiscaglia";89;15;24;39
"038027";"Fiscaglia";90;19;20;39
"038027";"Fiscaglia";91;8;21;29
"038027";"Fiscaglia";92;14;14;28
"038027";"Fiscaglia";93;9;26;35
"038027";"Fiscaglia";94;3;15;18
"038027";"Fiscaglia";95;1;11;12
"038027";"Fiscaglia";96;4;4;8
"038027";"Fiscaglia";97;1;7;8
"038027";"Fiscaglia";98;0;3;3
"038027";"Fiscaglia";99;1;1;2
"038027";"Fiscaglia";100;0;4;4
"038027";"Fiscaglia";999;4235;4328;8563
"038025";"Goro";0;6;6;12
"038025";"Goro";1;7;7;14
"038025";"Goro";2;9;4;13
"038025";"Goro";3;5;7;12
"038025";"Goro";4;3;6;9
"038025";"Goro";5;8;11;19
"038025";"Goro";6;7;8;15
"038025";"Goro";7;12;10;22
"038025";"Goro";8;11;17;28
"038025";"Goro";9;11;5;16
"038025";"Goro";10;18;13;31
"038025";"Goro";11;11;13;24
"038025";"Goro";12;17;16;33
"038025";"Goro";13;12;9;21
"038025";"Goro";14;19;10;29
"038025";"Goro";15;11;14;25
"038025";"Goro";16;16;17;33
"038025";"Goro";17;14;21;35
"038025";"Goro";18;11;11;22
"038025";"Goro";19;14;9;23
"038025";"Goro";20;18;14;32
"038025";"Goro";21;17;17;34
"038025";"Goro";22;17;17;34
"038025";"Goro";23;17;8;25
"038025";"Goro";24;13;9;22
"038025";"Goro";25;7;17;24
"038025";"Goro";26;12;6;18
"038025";"Goro";27;15;10;25
"038025";"Goro";28;8;15;23
"038025";"Goro";29;10;13;23
"038025";"Goro";30;9;9;18
"038025";"Goro";31;21;17;38
"038025";"Goro";32;15;14;29
"038025";"Goro";33;16;14;30
"038025";"Goro";34;10;17;27
"038025";"Goro";35;21;15;36
"038025";"Goro";36;11;14;25
"038025";"Goro";37;12;14;26
"038025";"Goro";38;22;8;30
"038025";"Goro";39;15;13;28
"038025";"Goro";40;16;19;35
"038025";"Goro";41;12;14;26
"038025";"Goro";42;24;20;44
"038025";"Goro";43;24;13;37
"038025";"Goro";44;21;23;44
"038025";"Goro";45;16;19;35
"038025";"Goro";46;19;29;48
"038025";"Goro";47;28;25;53
"038025";"Goro";48;26;31;57
"038025";"Goro";49;31;31;62
"038025";"Goro";50;40;29;69
"038025";"Goro";51;31;30;61
"038025";"Goro";52;29;28;57
"038025";"Goro";53;34;31;65
"038025";"Goro";54;36;26;62
"038025";"Goro";55;28;38;66
"038025";"Goro";56;38;26;64
"038025";"Goro";57;24;26;50
"038025";"Goro";58;28;32;60
"038025";"Goro";59;27;34;61
"038025";"Goro";60;25;22;47
"038025";"Goro";61;21;23;44
"038025";"Goro";62;22;26;48
"038025";"Goro";63;25;28;53
"038025";"Goro";64;23;23;46
"038025";"Goro";65;24;24;48
"038025";"Goro";66;20;25;45
"038025";"Goro";67;31;32;63
"038025";"Goro";68;28;39;67
"038025";"Goro";69;31;35;66
"038025";"Goro";70;23;34;57
"038025";"Goro";71;20;44;64
"038025";"Goro";72;30;32;62
"038025";"Goro";73;20;19;39
"038025";"Goro";74;21;24;45
"038025";"Goro";75;14;38;52
"038025";"Goro";76;22;19;41
"038025";"Goro";77;15;27;42
"038025";"Goro";78;34;33;67
"038025";"Goro";79;21;32;53
"038025";"Goro";80;4;14;18
"038025";"Goro";81;14;16;30
"038025";"Goro";82;9;16;25
"038025";"Goro";83;13;15;28
"038025";"Goro";84;9;15;24
"038025";"Goro";85;8;17;25
"038025";"Goro";86;6;9;15
"038025";"Goro";87;6;9;15
"038025";"Goro";88;9;9;18
"038025";"Goro";89;4;7;11
"038025";"Goro";90;4;5;9
"038025";"Goro";91;4;11;15
"038025";"Goro";92;1;7;8
"038025";"Goro";93;3;2;5
"038025";"Goro";94;3;5;8
"038025";"Goro";95;0;3;3
"038025";"Goro";96;1;4;5
"038025";"Goro";97;0;1;1
"038025";"Goro";98;0;0;0
"038025";"Goro";99;0;1;1
"038025";"Goro";100;0;1;1
"038025";"Goro";999;1608;1745;3353
"038010";"Jolanda di Savoia";0;3;7;10
"038010";"Jolanda di Savoia";1;5;5;10
"038010";"Jolanda di Savoia";2;7;3;10
"038010";"Jolanda di Savoia";3;9;10;19
"038010";"Jolanda di Savoia";4;6;6;12
"038010";"Jolanda di Savoia";5;5;3;8
"038010";"Jolanda di Savoia";6;8;6;14
"038010";"Jolanda di Savoia";7;6;9;15
"038010";"Jolanda di Savoia";8;6;4;10
"038010";"Jolanda di Savoia";9;8;8;16
"038010";"Jolanda di Savoia";10;7;6;13
"038010";"Jolanda di Savoia";11;9;11;20
"038010";"Jolanda di Savoia";12;9;10;19
"038010";"Jolanda di Savoia";13;5;8;13
"038010";"Jolanda di Savoia";14;8;4;12
"038010";"Jolanda di Savoia";15;10;10;20
"038010";"Jolanda di Savoia";16;18;8;26
"038010";"Jolanda di Savoia";17;12;10;22
"038010";"Jolanda di Savoia";18;12;9;21
"038010";"Jolanda di Savoia";19;7;11;18
"038010";"Jolanda di Savoia";20;9;7;16
"038010";"Jolanda di Savoia";21;16;10;26
"038010";"Jolanda di Savoia";22;9;13;22
"038010";"Jolanda di Savoia";23;10;11;21
"038010";"Jolanda di Savoia";24;19;4;23
"038010";"Jolanda di Savoia";25;14;5;19
"038010";"Jolanda di Savoia";26;12;13;25
"038010";"Jolanda di Savoia";27;13;4;17
"038010";"Jolanda di Savoia";28;11;9;20
"038010";"Jolanda di Savoia";29;16;9;25
"038010";"Jolanda di Savoia";30;17;6;23
"038010";"Jolanda di Savoia";31;10;10;20
"038010";"Jolanda di Savoia";32;18;8;26
"038010";"Jolanda di Savoia";33;4;2;6
"038010";"Jolanda di Savoia";34;11;11;22
"038010";"Jolanda di Savoia";35;12;11;23
"038010";"Jolanda di Savoia";36;14;5;19
"038010";"Jolanda di Savoia";37;14;9;23
"038010";"Jolanda di Savoia";38;11;12;23
"038010";"Jolanda di Savoia";39;18;9;27
"038010";"Jolanda di Savoia";40;8;9;17
"038010";"Jolanda di Savoia";41;13;12;25
"038010";"Jolanda di Savoia";42;7;6;13
"038010";"Jolanda di Savoia";43;7;11;18
"038010";"Jolanda di Savoia";44;12;12;24
"038010";"Jolanda di Savoia";45;10;12;22
"038010";"Jolanda di Savoia";46;12;8;20
"038010";"Jolanda di Savoia";47;12;20;32
"038010";"Jolanda di Savoia";48;17;14;31
"038010";"Jolanda di Savoia";49;14;22;36
"038010";"Jolanda di Savoia";50;13;18;31
"038010";"Jolanda di Savoia";51;22;23;45
"038010";"Jolanda di Savoia";52;21;25;46
"038010";"Jolanda di Savoia";53;31;15;46
"038010";"Jolanda di Savoia";54;27;23;50
"038010";"Jolanda di Savoia";55;35;21;56
"038010";"Jolanda di Savoia";56;26;28;54
"038010";"Jolanda di Savoia";57;17;35;52
"038010";"Jolanda di Savoia";58;18;24;42
"038010";"Jolanda di Savoia";59;22;33;55
"038010";"Jolanda di Savoia";60;16;28;44
"038010";"Jolanda di Savoia";61;26;16;42
"038010";"Jolanda di Savoia";62;28;24;52
"038010";"Jolanda di Savoia";63;26;17;43
"038010";"Jolanda di Savoia";64;23;30;53
"038010";"Jolanda di Savoia";65;25;20;45
"038010";"Jolanda di Savoia";66;20;14;34
"038010";"Jolanda di Savoia";67;21;18;39
"038010";"Jolanda di Savoia";68;21;16;37
"038010";"Jolanda di Savoia";69;20;27;47
"038010";"Jolanda di Savoia";70;25;13;38
"038010";"Jolanda di Savoia";71;14;27;41
"038010";"Jolanda di Savoia";72;22;19;41
"038010";"Jolanda di Savoia";73;24;20;44
"038010";"Jolanda di Savoia";74;20;25;45
"038010";"Jolanda di Savoia";75;21;25;46
"038010";"Jolanda di Savoia";76;22;21;43
"038010";"Jolanda di Savoia";77;16;27;43
"038010";"Jolanda di Savoia";78;13;23;36
"038010";"Jolanda di Savoia";79;16;16;32
"038010";"Jolanda di Savoia";80;7;6;13
"038010";"Jolanda di Savoia";81;19;14;33
"038010";"Jolanda di Savoia";82;18;14;32
"038010";"Jolanda di Savoia";83;10;15;25
"038010";"Jolanda di Savoia";84;5;11;16
"038010";"Jolanda di Savoia";85;10;20;30
"038010";"Jolanda di Savoia";86;10;11;21
"038010";"Jolanda di Savoia";87;12;15;27
"038010";"Jolanda di Savoia";88;6;8;14
"038010";"Jolanda di Savoia";89;7;10;17
"038010";"Jolanda di Savoia";90;5;10;15
"038010";"Jolanda di Savoia";91;5;6;11
"038010";"Jolanda di Savoia";92;4;11;15
"038010";"Jolanda di Savoia";93;0;7;7
"038010";"Jolanda di Savoia";94;1;5;6
"038010";"Jolanda di Savoia";95;1;7;8
"038010";"Jolanda di Savoia";96;1;4;5
"038010";"Jolanda di Savoia";97;0;1;1
"038010";"Jolanda di Savoia";98;0;1;1
"038010";"Jolanda di Savoia";99;0;3;3
"038010";"Jolanda di Savoia";100;0;1;1
"038010";"Jolanda di Savoia";999;1302;1293;2595
"038011";"Lagosanto";0;4;10;14
"038011";"Lagosanto";1;8;14;22
"038011";"Lagosanto";2;13;14;27
"038011";"Lagosanto";3;12;18;30
"038011";"Lagosanto";4;16;5;21
"038011";"Lagosanto";5;8;15;23
"038011";"Lagosanto";6;8;13;21
"038011";"Lagosanto";7;11;18;29
"038011";"Lagosanto";8;18;11;29
"038011";"Lagosanto";9;20;13;33
"038011";"Lagosanto";10;18;23;41
"038011";"Lagosanto";11;15;19;34
"038011";"Lagosanto";12;12;18;30
"038011";"Lagosanto";13;16;18;34
"038011";"Lagosanto";14;27;25;52
"038011";"Lagosanto";15;22;17;39
"038011";"Lagosanto";16;16;17;33
"038011";"Lagosanto";17;20;20;40
"038011";"Lagosanto";18;22;22;44
"038011";"Lagosanto";19;15;18;33
"038011";"Lagosanto";20;29;15;44
"038011";"Lagosanto";21;27;17;44
"038011";"Lagosanto";22;10;15;25
"038011";"Lagosanto";23;18;30;48
"038011";"Lagosanto";24;14;20;34
"038011";"Lagosanto";25;25;20;45
"038011";"Lagosanto";26;30;20;50
"038011";"Lagosanto";27;20;22;42
"038011";"Lagosanto";28;20;23;43
"038011";"Lagosanto";29;19;18;37
"038011";"Lagosanto";30;20;13;33
"038011";"Lagosanto";31;19;19;38
"038011";"Lagosanto";32;25;15;40
"038011";"Lagosanto";33;20;15;35
"038011";"Lagosanto";34;18;21;39
"038011";"Lagosanto";35;24;26;50
"038011";"Lagosanto";36;25;20;45
"038011";"Lagosanto";37;23;21;44
"038011";"Lagosanto";38;18;21;39
"038011";"Lagosanto";39;24;26;50
"038011";"Lagosanto";40;26;23;49
"038011";"Lagosanto";41;24;18;42
"038011";"Lagosanto";42;25;25;50
"038011";"Lagosanto";43;27;32;59
"038011";"Lagosanto";44;33;33;66
"038011";"Lagosanto";45;21;24;45
"038011";"Lagosanto";46;24;36;60
"038011";"Lagosanto";47;46;46;92
"038011";"Lagosanto";48;36;44;80
"038011";"Lagosanto";49;40;53;93
"038011";"Lagosanto";50;53;47;100
"038011";"Lagosanto";51;51;47;98
"038011";"Lagosanto";52;50;43;93
"038011";"Lagosanto";53;38;40;78
"038011";"Lagosanto";54;46;47;93
"038011";"Lagosanto";55;38;45;83
"038011";"Lagosanto";56;36;37;73
"038011";"Lagosanto";57;36;32;68
"038011";"Lagosanto";58;31;31;62
"038011";"Lagosanto";59;31;39;70
"038011";"Lagosanto";60;28;44;72
"038011";"Lagosanto";61;30;40;70
"038011";"Lagosanto";62;46;23;69
"038011";"Lagosanto";63;48;28;76
"038011";"Lagosanto";64;31;32;63
"038011";"Lagosanto";65;28;43;71
"038011";"Lagosanto";66;38;34;72
"038011";"Lagosanto";67;34;34;68
"038011";"Lagosanto";68;24;38;62
"038011";"Lagosanto";69;38;36;74
"038011";"Lagosanto";70;41;36;77
"038011";"Lagosanto";71;27;37;64
"038011";"Lagosanto";72;41;31;72
"038011";"Lagosanto";73;25;28;53
"038011";"Lagosanto";74;25;37;62
"038011";"Lagosanto";75;38;40;78
"038011";"Lagosanto";76;21;31;52
"038011";"Lagosanto";77;32;28;60
"038011";"Lagosanto";78;31;36;67
"038011";"Lagosanto";79;26;18;44
"038011";"Lagosanto";80;13;11;24
"038011";"Lagosanto";81;22;24;46
"038011";"Lagosanto";82;10;19;29
"038011";"Lagosanto";83;16;26;42
"038011";"Lagosanto";84;14;26;40
"038011";"Lagosanto";85;19;30;49
"038011";"Lagosanto";86;12;20;32
"038011";"Lagosanto";87;8;18;26
"038011";"Lagosanto";88;8;20;28
"038011";"Lagosanto";89;6;7;13
"038011";"Lagosanto";90;10;22;32
"038011";"Lagosanto";91;2;10;12
"038011";"Lagosanto";92;5;8;13
"038011";"Lagosanto";93;4;7;11
"038011";"Lagosanto";94;0;6;6
"038011";"Lagosanto";95;2;6;8
"038011";"Lagosanto";96;1;3;4
"038011";"Lagosanto";97;0;4;4
"038011";"Lagosanto";98;1;1;2
"038011";"Lagosanto";99;0;0;0
"038011";"Lagosanto";100;1;2;3
"038011";"Lagosanto";999;2247;2411;4658
"038012";"Masi Torello";0;4;4;8
"038012";"Masi Torello";1;7;2;9
"038012";"Masi Torello";2;8;5;13
"038012";"Masi Torello";3;4;5;9
"038012";"Masi Torello";4;12;3;15
"038012";"Masi Torello";5;12;7;19
"038012";"Masi Torello";6;8;9;17
"038012";"Masi Torello";7;8;5;13
"038012";"Masi Torello";8;6;3;9
"038012";"Masi Torello";9;11;7;18
"038012";"Masi Torello";10;8;7;15
"038012";"Masi Torello";11;8;13;21
"038012";"Masi Torello";12;11;9;20
"038012";"Masi Torello";13;8;6;14
"038012";"Masi Torello";14;11;15;26
"038012";"Masi Torello";15;9;7;16
"038012";"Masi Torello";16;11;13;24
"038012";"Masi Torello";17;8;16;24
"038012";"Masi Torello";18;7;7;14
"038012";"Masi Torello";19;16;9;25
"038012";"Masi Torello";20;5;10;15
"038012";"Masi Torello";21;10;13;23
"038012";"Masi Torello";22;4;9;13
"038012";"Masi Torello";23;11;7;18
"038012";"Masi Torello";24;9;10;19
"038012";"Masi Torello";25;5;7;12
"038012";"Masi Torello";26;7;7;14
"038012";"Masi Torello";27;14;11;25
"038012";"Masi Torello";28;6;6;12
"038012";"Masi Torello";29;7;8;15
"038012";"Masi Torello";30;7;4;11
"038012";"Masi Torello";31;8;9;17
"038012";"Masi Torello";32;7;5;12
"038012";"Masi Torello";33;9;9;18
"038012";"Masi Torello";34;13;6;19
"038012";"Masi Torello";35;8;9;17
"038012";"Masi Torello";36;10;14;24
"038012";"Masi Torello";37;7;8;15
"038012";"Masi Torello";38;13;13;26
"038012";"Masi Torello";39;8;12;20
"038012";"Masi Torello";40;15;10;25
"038012";"Masi Torello";41;13;13;26
"038012";"Masi Torello";42;8;18;26
"038012";"Masi Torello";43;7;15;22
"038012";"Masi Torello";44;16;8;24
"038012";"Masi Torello";45;10;18;28
"038012";"Masi Torello";46;12;9;21
"038012";"Masi Torello";47;17;15;32
"038012";"Masi Torello";48;18;11;29
"038012";"Masi Torello";49;13;14;27
"038012";"Masi Torello";50;13;16;29
"038012";"Masi Torello";51;13;20;33
"038012";"Masi Torello";52;11;20;31
"038012";"Masi Torello";53;17;21;38
"038012";"Masi Torello";54;18;25;43
"038012";"Masi Torello";55;14;18;32
"038012";"Masi Torello";56;24;16;40
"038012";"Masi Torello";57;16;16;32
"038012";"Masi Torello";58;23;18;41
"038012";"Masi Torello";59;23;28;51
"038012";"Masi Torello";60;20;27;47
"038012";"Masi Torello";61;25;29;54
"038012";"Masi Torello";62;10;14;24
"038012";"Masi Torello";63;19;22;41
"038012";"Masi Torello";64;15;17;32
"038012";"Masi Torello";65;16;17;33
"038012";"Masi Torello";66;18;23;41
"038012";"Masi Torello";67;16;20;36
"038012";"Masi Torello";68;18;16;34
"038012";"Masi Torello";69;20;27;47
"038012";"Masi Torello";70;18;25;43
"038012";"Masi Torello";71;20;18;38
"038012";"Masi Torello";72;18;21;39
"038012";"Masi Torello";73;13;8;21
"038012";"Masi Torello";74;14;17;31
"038012";"Masi Torello";75;17;9;26
"038012";"Masi Torello";76;14;18;32
"038012";"Masi Torello";77;16;13;29
"038012";"Masi Torello";78;12;13;25
"038012";"Masi Torello";79;8;19;27
"038012";"Masi Torello";80;8;13;21
"038012";"Masi Torello";81;10;11;21
"038012";"Masi Torello";82;11;8;19
"038012";"Masi Torello";83;12;11;23
"038012";"Masi Torello";84;7;7;14
"038012";"Masi Torello";85;11;15;26
"038012";"Masi Torello";86;5;12;17
"038012";"Masi Torello";87;5;14;19
"038012";"Masi Torello";88;3;11;14
"038012";"Masi Torello";89;3;6;9
"038012";"Masi Torello";90;4;8;12
"038012";"Masi Torello";91;0;10;10
"038012";"Masi Torello";92;3;5;8
"038012";"Masi Torello";93;1;0;1
"038012";"Masi Torello";94;2;5;7
"038012";"Masi Torello";95;2;7;9
"038012";"Masi Torello";96;0;2;2
"038012";"Masi Torello";97;0;2;2
"038012";"Masi Torello";98;0;1;1
"038012";"Masi Torello";99;0;0;0
"038012";"Masi Torello";100;0;2;2
"038012";"Masi Torello";999;1060;1181;2241
"038014";"Mesola";0;10;8;18
"038014";"Mesola";1;12;3;15
"038014";"Mesola";2;9;21;30
"038014";"Mesola";3;17;20;37
"038014";"Mesola";4;12;12;24
"038014";"Mesola";5;16;17;33
"038014";"Mesola";6;19;15;34
"038014";"Mesola";7;17;17;34
"038014";"Mesola";8;29;16;45
"038014";"Mesola";9;16;20;36
"038014";"Mesola";10;17;19;36
"038014";"Mesola";11;26;21;47
"038014";"Mesola";12;17;26;43
"038014";"Mesola";13;22;18;40
"038014";"Mesola";14;33;20;53
"038014";"Mesola";15;28;23;51
"038014";"Mesola";16;22;21;43
"038014";"Mesola";17;24;16;40
"038014";"Mesola";18;25;22;47
"038014";"Mesola";19;35;29;64
"038014";"Mesola";20;28;18;46
"038014";"Mesola";21;22;19;41
"038014";"Mesola";22;27;19;46
"038014";"Mesola";23;21;31;52
"038014";"Mesola";24;28;32;60
"038014";"Mesola";25;16;25;41
"038014";"Mesola";26;24;18;42
"038014";"Mesola";27;32;20;52
"038014";"Mesola";28;27;16;43
"038014";"Mesola";29;28;16;44
"038014";"Mesola";30;21;22;43
"038014";"Mesola";31;26;19;45
"038014";"Mesola";32;32;28;60
"038014";"Mesola";33;31;21;52
"038014";"Mesola";34;29;29;58
"038014";"Mesola";35;34;25;59
"038014";"Mesola";36;34;32;66
"038014";"Mesola";37;27;19;46
"038014";"Mesola";38;26;26;52
"038014";"Mesola";39;22;31;53
"038014";"Mesola";40;35;22;57
"038014";"Mesola";41;50;34;84
"038014";"Mesola";42;39;31;70
"038014";"Mesola";43;47;39;86
"038014";"Mesola";44;46;37;83
"038014";"Mesola";45;37;43;80
"038014";"Mesola";46;48;42;90
"038014";"Mesola";47;41;62;103
"038014";"Mesola";48;44;49;93
"038014";"Mesola";49;46;49;95
"038014";"Mesola";50;48;60;108
"038014";"Mesola";51;60;48;108
"038014";"Mesola";52;50;55;105
"038014";"Mesola";53;36;60;96
"038014";"Mesola";54;69;47;116
"038014";"Mesola";55;49;49;98
"038014";"Mesola";56;48;51;99
"038014";"Mesola";57;54;38;92
"038014";"Mesola";58;55;43;98
"038014";"Mesola";59;46;50;96
"038014";"Mesola";60;51;50;101
"038014";"Mesola";61;48;63;111
"038014";"Mesola";62;59;69;128
"038014";"Mesola";63;56;51;107
"038014";"Mesola";64;49;43;92
"038014";"Mesola";65;50;66;116
"038014";"Mesola";66;55;53;108
"038014";"Mesola";67;55;46;101
"038014";"Mesola";68;45;57;102
"038014";"Mesola";69;46;59;105
"038014";"Mesola";70;44;68;112
"038014";"Mesola";71;46;38;84
"038014";"Mesola";72;42;61;103
"038014";"Mesola";73;34;44;78
"038014";"Mesola";74;40;51;91
"038014";"Mesola";75;52;49;101
"038014";"Mesola";76;42;48;90
"038014";"Mesola";77;35;58;93
"038014";"Mesola";78;48;58;106
"038014";"Mesola";79;44;36;80
"038014";"Mesola";80;21;22;43
"038014";"Mesola";81;37;36;73
"038014";"Mesola";82;20;36;56
"038014";"Mesola";83;14;29;43
"038014";"Mesola";84;28;29;57
"038014";"Mesola";85;31;36;67
"038014";"Mesola";86;24;39;63
"038014";"Mesola";87;17;40;57
"038014";"Mesola";88;16;33;49
"038014";"Mesola";89;12;35;47
"038014";"Mesola";90;9;19;28
"038014";"Mesola";91;7;17;24
"038014";"Mesola";92;6;21;27
"038014";"Mesola";93;6;8;14
"038014";"Mesola";94;2;9;11
"038014";"Mesola";95;2;5;7
"038014";"Mesola";96;0;4;4
"038014";"Mesola";97;0;1;1
"038014";"Mesola";98;0;1;1
"038014";"Mesola";99;0;5;5
"038014";"Mesola";100;0;1;1
"038014";"Mesola";999;3082;3233;6315
"038017";"Ostellato";0;17;8;25
"038017";"Ostellato";1;17;12;29
"038017";"Ostellato";2;22;18;40
"038017";"Ostellato";3;8;14;22
"038017";"Ostellato";4;9;16;25
"038017";"Ostellato";5;11;10;21
"038017";"Ostellato";6;13;14;27
"038017";"Ostellato";7;13;16;29
"038017";"Ostellato";8;13;7;20
"038017";"Ostellato";9;17;14;31
"038017";"Ostellato";10;10;13;23
"038017";"Ostellato";11;18;16;34
"038017";"Ostellato";12;18;20;38
"038017";"Ostellato";13;27;21;48
"038017";"Ostellato";14;26;22;48
"038017";"Ostellato";15;23;22;45
"038017";"Ostellato";16;26;16;42
"038017";"Ostellato";17;26;21;47
"038017";"Ostellato";18;24;19;43
"038017";"Ostellato";19;23;26;49
"038017";"Ostellato";20;25;27;52
"038017";"Ostellato";21;29;17;46
"038017";"Ostellato";22;24;16;40
"038017";"Ostellato";23;25;22;47
"038017";"Ostellato";24;20;20;40
"038017";"Ostellato";25;21;27;48
"038017";"Ostellato";26;23;14;37
"038017";"Ostellato";27;25;18;43
"038017";"Ostellato";28;24;14;38
"038017";"Ostellato";29;31;20;51
"038017";"Ostellato";30;22;19;41
"038017";"Ostellato";31;22;17;39
"038017";"Ostellato";32;28;17;45
"038017";"Ostellato";33;15;20;35
"038017";"Ostellato";34;28;26;54
"038017";"Ostellato";35;35;20;55
"038017";"Ostellato";36;33;16;49
"038017";"Ostellato";37;22;29;51
"038017";"Ostellato";38;18;19;37
"038017";"Ostellato";39;28;25;53
"038017";"Ostellato";40;27;20;47
"038017";"Ostellato";41;25;27;52
"038017";"Ostellato";42;42;27;69
"038017";"Ostellato";43;21;30;51
"038017";"Ostellato";44;34;25;59
"038017";"Ostellato";45;26;34;60
"038017";"Ostellato";46;29;32;61
"038017";"Ostellato";47;39;36;75
"038017";"Ostellato";48;56;30;86
"038017";"Ostellato";49;42;45;87
"038017";"Ostellato";50;47;38;85
"038017";"Ostellato";51;53;47;100
"038017";"Ostellato";52;56;41;97
"038017";"Ostellato";53;50;48;98
"038017";"Ostellato";54;48;47;95
"038017";"Ostellato";55;42;43;85
"038017";"Ostellato";56;52;41;93
"038017";"Ostellato";57;56;52;108
"038017";"Ostellato";58;44;62;106
"038017";"Ostellato";59;49;58;107
"038017";"Ostellato";60;47;50;97
"038017";"Ostellato";61;48;48;96
"038017";"Ostellato";62;53;52;105
"038017";"Ostellato";63;48;58;106
"038017";"Ostellato";64;54;51;105
"038017";"Ostellato";65;55;37;92
"038017";"Ostellato";66;41;51;92
"038017";"Ostellato";67;52;45;97
"038017";"Ostellato";68;38;54;92
"038017";"Ostellato";69;49;60;109
"038017";"Ostellato";70;32;48;80
"038017";"Ostellato";71;48;38;86
"038017";"Ostellato";72;36;42;78
"038017";"Ostellato";73;32;43;75
"038017";"Ostellato";74;43;28;71
"038017";"Ostellato";75;33;49;82
"038017";"Ostellato";76;42;35;77
"038017";"Ostellato";77;45;43;88
"038017";"Ostellato";78;30;49;79
"038017";"Ostellato";79;32;42;74
"038017";"Ostellato";80;18;25;43
"038017";"Ostellato";81;26;38;64
"038017";"Ostellato";82;24;35;59
"038017";"Ostellato";83;23;27;50
"038017";"Ostellato";84;14;30;44
"038017";"Ostellato";85;24;38;62
"038017";"Ostellato";86;24;34;58
"038017";"Ostellato";87;17;29;46
"038017";"Ostellato";88;17;19;36
"038017";"Ostellato";89;8;28;36
"038017";"Ostellato";90;10;13;23
"038017";"Ostellato";91;5;16;21
"038017";"Ostellato";92;8;12;20
"038017";"Ostellato";93;7;7;14
"038017";"Ostellato";94;8;10;18
"038017";"Ostellato";95;3;8;11
"038017";"Ostellato";96;0;6;6
"038017";"Ostellato";97;1;2;3
"038017";"Ostellato";98;0;1;1
"038017";"Ostellato";99;0;2;2
"038017";"Ostellato";100;0;3;3
"038017";"Ostellato";999;2792;2817;5609
"038018";"Poggio Renatico";0;36;30;66
"038018";"Poggio Renatico";1;29;29;58
"038018";"Poggio Renatico";2;38;34;72
"038018";"Poggio Renatico";3;29;42;71
"038018";"Poggio Renatico";4;39;40;79
"038018";"Poggio Renatico";5;26;32;58
"038018";"Poggio Renatico";6;48;48;96
"038018";"Poggio Renatico";7;41;28;69
"038018";"Poggio Renatico";8;38;29;67
"038018";"Poggio Renatico";9;42;42;84
"038018";"Poggio Renatico";10;39;36;75
"038018";"Poggio Renatico";11;47;40;87
"038018";"Poggio Renatico";12;41;46;87
"038018";"Poggio Renatico";13;55;38;93
"038018";"Poggio Renatico";14;47;41;88
"038018";"Poggio Renatico";15;63;58;121
"038018";"Poggio Renatico";16;58;48;106
"038018";"Poggio Renatico";17;53;36;89
"038018";"Poggio Renatico";18;44;52;96
"038018";"Poggio Renatico";19;57;37;94
"038018";"Poggio Renatico";20;49;43;92
"038018";"Poggio Renatico";21;48;52;100
"038018";"Poggio Renatico";22;39;49;88
"038018";"Poggio Renatico";23;61;48;109
"038018";"Poggio Renatico";24;40;43;83
"038018";"Poggio Renatico";25;50;55;105
"038018";"Poggio Renatico";26;50;44;94
"038018";"Poggio Renatico";27;61;38;99
"038018";"Poggio Renatico";28;47;41;88
"038018";"Poggio Renatico";29;55;52;107
"038018";"Poggio Renatico";30;37;45;82
"038018";"Poggio Renatico";31;56;42;98
"038018";"Poggio Renatico";32;38;47;85
"038018";"Poggio Renatico";33;52;43;95
"038018";"Poggio Renatico";34;50;42;92
"038018";"Poggio Renatico";35;52;55;107
"038018";"Poggio Renatico";36;53;68;121
"038018";"Poggio Renatico";37;61;57;118
"038018";"Poggio Renatico";38;51;51;102
"038018";"Poggio Renatico";39;56;40;96
"038018";"Poggio Renatico";40;46;58;104
"038018";"Poggio Renatico";41;48;61;109
"038018";"Poggio Renatico";42;50;74;124
"038018";"Poggio Renatico";43;65;65;130
"038018";"Poggio Renatico";44;79;60;139
"038018";"Poggio Renatico";45;74;66;140
"038018";"Poggio Renatico";46;65;66;131
"038018";"Poggio Renatico";47;77;82;159
"038018";"Poggio Renatico";48;64;74;138
"038018";"Poggio Renatico";49;74;79;153
"038018";"Poggio Renatico";50;81;89;170
"038018";"Poggio Renatico";51;79;84;163
"038018";"Poggio Renatico";52;88;85;173
"038018";"Poggio Renatico";53;87;78;165
"038018";"Poggio Renatico";54;94;96;190
"038018";"Poggio Renatico";55;91;82;173
"038018";"Poggio Renatico";56;91;85;176
"038018";"Poggio Renatico";57;86;65;151
"038018";"Poggio Renatico";58;94;88;182
"038018";"Poggio Renatico";59;92;77;169
"038018";"Poggio Renatico";60;79;78;157
"038018";"Poggio Renatico";61;93;82;175
"038018";"Poggio Renatico";62;84;56;140
"038018";"Poggio Renatico";63;66;57;123
"038018";"Poggio Renatico";64;52;67;119
"038018";"Poggio Renatico";65;61;64;125
"038018";"Poggio Renatico";66;75;75;150
"038018";"Poggio Renatico";67;53;60;113
"038018";"Poggio Renatico";68;52;64;116
"038018";"Poggio Renatico";69;54;73;127
"038018";"Poggio Renatico";70;52;57;109
"038018";"Poggio Renatico";71;49;59;108
"038018";"Poggio Renatico";72;41;54;95
"038018";"Poggio Renatico";73;44;45;89
"038018";"Poggio Renatico";74;53;62;115
"038018";"Poggio Renatico";75;48;51;99
"038018";"Poggio Renatico";76;39;45;84
"038018";"Poggio Renatico";77;39;48;87
"038018";"Poggio Renatico";78;56;62;118
"038018";"Poggio Renatico";79;42;55;97
"038018";"Poggio Renatico";80;26;32;58
"038018";"Poggio Renatico";81;27;30;57
"038018";"Poggio Renatico";82;35;45;80
"038018";"Poggio Renatico";83;24;37;61
"038018";"Poggio Renatico";84;19;43;62
"038018";"Poggio Renatico";85;21;36;57
"038018";"Poggio Renatico";86;25;31;56
"038018";"Poggio Renatico";87;21;35;56
"038018";"Poggio Renatico";88;15;27;42
"038018";"Poggio Renatico";89;12;21;33
"038018";"Poggio Renatico";90;5;22;27
"038018";"Poggio Renatico";91;13;20;33
"038018";"Poggio Renatico";92;11;19;30
"038018";"Poggio Renatico";93;3;22;25
"038018";"Poggio Renatico";94;2;9;11
"038018";"Poggio Renatico";95;7;4;11
"038018";"Poggio Renatico";96;0;4;4
"038018";"Poggio Renatico";97;0;4;4
"038018";"Poggio Renatico";98;1;3;4
"038018";"Poggio Renatico";99;0;2;2
"038018";"Poggio Renatico";100;0;5;5
"038018";"Poggio Renatico";999;4800;4920;9720
"038019";"Portomaggiore";0;45;58;103
"038019";"Portomaggiore";1;36;37;73
"038019";"Portomaggiore";2;36;47;83
"038019";"Portomaggiore";3;50;31;81
"038019";"Portomaggiore";4;48;49;97
"038019";"Portomaggiore";5;54;34;88
"038019";"Portomaggiore";6;65;45;110
"038019";"Portomaggiore";7;54;37;91
"038019";"Portomaggiore";8;50;48;98
"038019";"Portomaggiore";9;43;51;94
"038019";"Portomaggiore";10;57;42;99
"038019";"Portomaggiore";11;43;58;101
"038019";"Portomaggiore";12;55;44;99
"038019";"Portomaggiore";13;62;47;109
"038019";"Portomaggiore";14;60;41;101
"038019";"Portomaggiore";15;50;62;112
"038019";"Portomaggiore";16;60;81;141
"038019";"Portomaggiore";17;58;58;116
"038019";"Portomaggiore";18;52;46;98
"038019";"Portomaggiore";19;66;50;116
"038019";"Portomaggiore";20;69;45;114
"038019";"Portomaggiore";21;56;44;100
"038019";"Portomaggiore";22;66;46;112
"038019";"Portomaggiore";23;54;60;114
"038019";"Portomaggiore";24;70;52;122
"038019";"Portomaggiore";25;66;53;119
"038019";"Portomaggiore";26;79;35;114
"038019";"Portomaggiore";27;85;42;127
"038019";"Portomaggiore";28;69;55;124
"038019";"Portomaggiore";29;82;61;143
"038019";"Portomaggiore";30;77;48;125
"038019";"Portomaggiore";31;78;40;118
"038019";"Portomaggiore";32;69;52;121
"038019";"Portomaggiore";33;72;61;133
"038019";"Portomaggiore";34;81;51;132
"038019";"Portomaggiore";35;84;78;162
"038019";"Portomaggiore";36;88;55;143
"038019";"Portomaggiore";37;90;63;153
"038019";"Portomaggiore";38;70;55;125
"038019";"Portomaggiore";39;88;66;154
"038019";"Portomaggiore";40;83;52;135
"038019";"Portomaggiore";41;94;55;149
"038019";"Portomaggiore";42;80;76;156
"038019";"Portomaggiore";43;87;56;143
"038019";"Portomaggiore";44;84;59;143
"038019";"Portomaggiore";45;92;66;158
"038019";"Portomaggiore";46;83;68;151
"038019";"Portomaggiore";47;103;64;167
"038019";"Portomaggiore";48;92;84;176
"038019";"Portomaggiore";49;105;88;193
"038019";"Portomaggiore";50;104;95;199
"038019";"Portomaggiore";51;93;92;185
"038019";"Portomaggiore";52;103;76;179
"038019";"Portomaggiore";53;86;83;169
"038019";"Portomaggiore";54;95;96;191
"038019";"Portomaggiore";55;108;83;191
"038019";"Portomaggiore";56;102;100;202
"038019";"Portomaggiore";57;95;119;214
"038019";"Portomaggiore";58;90;103;193
"038019";"Portomaggiore";59;120;95;215
"038019";"Portomaggiore";60;99;96;195
"038019";"Portomaggiore";61;72;110;182
"038019";"Portomaggiore";62;92;99;191
"038019";"Portomaggiore";63;80;78;158
"038019";"Portomaggiore";64;82;69;151
"038019";"Portomaggiore";65;100;84;184
"038019";"Portomaggiore";66;71;91;162
"038019";"Portomaggiore";67;92;87;179
"038019";"Portomaggiore";68;87;91;178
"038019";"Portomaggiore";69;75;85;160
"038019";"Portomaggiore";70;75;94;169
"038019";"Portomaggiore";71;75;91;166
"038019";"Portomaggiore";72;54;73;127
"038019";"Portomaggiore";73;58;88;146
"038019";"Portomaggiore";74;59;75;134
"038019";"Portomaggiore";75;71;78;149
"038019";"Portomaggiore";76;67;78;145
"038019";"Portomaggiore";77;60;62;122
"038019";"Portomaggiore";78;70;87;157
"038019";"Portomaggiore";79;63;92;155
"038019";"Portomaggiore";80;45;58;103
"038019";"Portomaggiore";81;46;56;102
"038019";"Portomaggiore";82;32;41;73
"038019";"Portomaggiore";83;43;50;93
"038019";"Portomaggiore";84;36;50;86
"038019";"Portomaggiore";85;35;60;95
"038019";"Portomaggiore";86;31;76;107
"038019";"Portomaggiore";87;37;53;90
"038019";"Portomaggiore";88;31;39;70
"038019";"Portomaggiore";89;24;42;66
"038019";"Portomaggiore";90;23;36;59
"038019";"Portomaggiore";91;24;28;52
"038019";"Portomaggiore";92;18;30;48
"038019";"Portomaggiore";93;9;19;28
"038019";"Portomaggiore";94;11;15;26
"038019";"Portomaggiore";95;6;8;14
"038019";"Portomaggiore";96;4;8;12
"038019";"Portomaggiore";97;1;8;9
"038019";"Portomaggiore";98;2;8;10
"038019";"Portomaggiore";99;0;1;1
"038019";"Portomaggiore";100;1;4;5
"038019";"Portomaggiore";999;6397;6036;12433
"038029";"Riva del Po";0;13;21;34
"038029";"Riva del Po";1;25;17;42
"038029";"Riva del Po";2;21;10;31
"038029";"Riva del Po";3;23;14;37
"038029";"Riva del Po";4;20;17;37
"038029";"Riva del Po";5;16;21;37
"038029";"Riva del Po";6;19;20;39
"038029";"Riva del Po";7;31;29;60
"038029";"Riva del Po";8;23;22;45
"038029";"Riva del Po";9;18;21;39
"038029";"Riva del Po";10;19;21;40
"038029";"Riva del Po";11;12;32;44
"038029";"Riva del Po";12;35;31;66
"038029";"Riva del Po";13;16;34;50
"038029";"Riva del Po";14;21;20;41
"038029";"Riva del Po";15;34;24;58
"038029";"Riva del Po";16;33;30;63
"038029";"Riva del Po";17;30;22;52
"038029";"Riva del Po";18;35;25;60
"038029";"Riva del Po";19;25;27;52
"038029";"Riva del Po";20;29;30;59
"038029";"Riva del Po";21;33;29;62
"038029";"Riva del Po";22;34;23;57
"038029";"Riva del Po";23;31;29;60
"038029";"Riva del Po";24;23;30;53
"038029";"Riva del Po";25;32;33;65
"038029";"Riva del Po";26;39;36;75
"038029";"Riva del Po";27;39;18;57
"038029";"Riva del Po";28;39;30;69
"038029";"Riva del Po";29;45;20;65
"038029";"Riva del Po";30;31;21;52
"038029";"Riva del Po";31;31;27;58
"038029";"Riva del Po";32;33;34;67
"038029";"Riva del Po";33;33;24;57
"038029";"Riva del Po";34;29;22;51
"038029";"Riva del Po";35;27;28;55
"038029";"Riva del Po";36;18;25;43
"038029";"Riva del Po";37;24;30;54
"038029";"Riva del Po";38;30;28;58
"038029";"Riva del Po";39;34;26;60
"038029";"Riva del Po";40;34;25;59
"038029";"Riva del Po";41;39;39;78
"038029";"Riva del Po";42;37;28;65
"038029";"Riva del Po";43;42;35;77
"038029";"Riva del Po";44;44;33;77
"038029";"Riva del Po";45;29;43;72
"038029";"Riva del Po";46;45;42;87
"038029";"Riva del Po";47;59;52;111
"038029";"Riva del Po";48;66;57;123
"038029";"Riva del Po";49;56;41;97
"038029";"Riva del Po";50;54;35;89
"038029";"Riva del Po";51;60;49;109
"038029";"Riva del Po";52;48;55;103
"038029";"Riva del Po";53;58;58;116
"038029";"Riva del Po";54;56;63;119
"038029";"Riva del Po";55;62;68;130
"038029";"Riva del Po";56;58;57;115
"038029";"Riva del Po";57;71;55;126
"038029";"Riva del Po";58;65;59;124
"038029";"Riva del Po";59;70;61;131
"038029";"Riva del Po";60;60;55;115
"038029";"Riva del Po";61;69;72;141
"038029";"Riva del Po";62;48;84;132
"038029";"Riva del Po";63;58;69;127
"038029";"Riva del Po";64;65;69;134
"038029";"Riva del Po";65;84;57;141
"038029";"Riva del Po";66;62;76;138
"038029";"Riva del Po";67;61;57;118
"038029";"Riva del Po";68;59;65;124
"038029";"Riva del Po";69;64;65;129
"038029";"Riva del Po";70;57;52;109
"038029";"Riva del Po";71;58;79;137
"038029";"Riva del Po";72;56;59;115
"038029";"Riva del Po";73;59;62;121
"038029";"Riva del Po";74;54;61;115
"038029";"Riva del Po";75;60;54;114
"038029";"Riva del Po";76;50;60;110
"038029";"Riva del Po";77;58;79;137
"038029";"Riva del Po";78;46;52;98
"038029";"Riva del Po";79;62;61;123
"038029";"Riva del Po";80;31;37;68
"038029";"Riva del Po";81;38;46;84
"038029";"Riva del Po";82;30;54;84
"038029";"Riva del Po";83;23;43;66
"038029";"Riva del Po";84;40;40;80
"038029";"Riva del Po";85;40;32;72
"038029";"Riva del Po";86;21;39;60
"038029";"Riva del Po";87;17;31;48
"038029";"Riva del Po";88;18;39;57
"038029";"Riva del Po";89;5;25;30
"038029";"Riva del Po";90;9;22;31
"038029";"Riva del Po";91;14;20;34
"038029";"Riva del Po";92;9;16;25
"038029";"Riva del Po";93;1;19;20
"038029";"Riva del Po";94;5;11;16
"038029";"Riva del Po";95;9;10;19
"038029";"Riva del Po";96;4;3;7
"038029";"Riva del Po";97;1;1;2
"038029";"Riva del Po";98;0;3;3
"038029";"Riva del Po";99;1;1;2
"038029";"Riva del Po";100;0;3;3
"038029";"Riva del Po";999;3662;3739;7401
"038028";"Terre del Reno";0;43;33;76
"038028";"Terre del Reno";1;41;31;72
"038028";"Terre del Reno";2;36;42;78
"038028";"Terre del Reno";3;46;30;76
"038028";"Terre del Reno";4;34;32;66
"038028";"Terre del Reno";5;43;42;85
"038028";"Terre del Reno";6;38;46;84
"038028";"Terre del Reno";7;46;48;94
"038028";"Terre del Reno";8;46;44;90
"038028";"Terre del Reno";9;44;37;81
"038028";"Terre del Reno";10;38;44;82
"038028";"Terre del Reno";11;59;41;100
"038028";"Terre del Reno";12;50;52;102
"038028";"Terre del Reno";13;49;45;94
"038028";"Terre del Reno";14;56;68;124
"038028";"Terre del Reno";15;53;43;96
"038028";"Terre del Reno";16;60;51;111
"038028";"Terre del Reno";17;43;54;97
"038028";"Terre del Reno";18;49;56;105
"038028";"Terre del Reno";19;40;48;88
"038028";"Terre del Reno";20;58;58;116
"038028";"Terre del Reno";21;52;54;106
"038028";"Terre del Reno";22;43;45;88
"038028";"Terre del Reno";23;49;53;102
"038028";"Terre del Reno";24;52;57;109
"038028";"Terre del Reno";25;62;48;110
"038028";"Terre del Reno";26;47;55;102
"038028";"Terre del Reno";27;56;63;119
"038028";"Terre del Reno";28;46;54;100
"038028";"Terre del Reno";29;47;45;92
"038028";"Terre del Reno";30;50;34;84
"038028";"Terre del Reno";31;45;50;95
"038028";"Terre del Reno";32;55;50;105
"038028";"Terre del Reno";33;69;56;125
"038028";"Terre del Reno";34;63;44;107
"038028";"Terre del Reno";35;64;62;126
"038028";"Terre del Reno";36;52;57;109
"038028";"Terre del Reno";37;50;66;116
"038028";"Terre del Reno";38;53;72;125
"038028";"Terre del Reno";39;47;62;109
"038028";"Terre del Reno";40;62;58;120
"038028";"Terre del Reno";41;71;54;125
"038028";"Terre del Reno";42;65;48;113
"038028";"Terre del Reno";43;66;60;126
"038028";"Terre del Reno";44;74;50;124
"038028";"Terre del Reno";45;64;61;125
"038028";"Terre del Reno";46;72;65;137
"038028";"Terre del Reno";47;66;69;135
"038028";"Terre del Reno";48;76;73;149
"038028";"Terre del Reno";49;76;70;146
"038028";"Terre del Reno";50;89;79;168
"038028";"Terre del Reno";51;85;88;173
"038028";"Terre del Reno";52;80;73;153
"038028";"Terre del Reno";53;101;80;181
"038028";"Terre del Reno";54;88;98;186
"038028";"Terre del Reno";55;89;86;175
"038028";"Terre del Reno";56;92;81;173
"038028";"Terre del Reno";57;87;73;160
"038028";"Terre del Reno";58;78;79;157
"038028";"Terre del Reno";59;108;69;177
"038028";"Terre del Reno";60;83;103;186
"038028";"Terre del Reno";61;94;79;173
"038028";"Terre del Reno";62;83;90;173
"038028";"Terre del Reno";63;90;76;166
"038028";"Terre del Reno";64;76;75;151
"038028";"Terre del Reno";65;69;86;155
"038028";"Terre del Reno";66;65;76;141
"038028";"Terre del Reno";67;70;68;138
"038028";"Terre del Reno";68;60;70;130
"038028";"Terre del Reno";69;57;69;126
"038028";"Terre del Reno";70;50;66;116
"038028";"Terre del Reno";71;65;59;124
"038028";"Terre del Reno";72;55;56;111
"038028";"Terre del Reno";73;49;57;106
"038028";"Terre del Reno";74;47;59;106
"038028";"Terre del Reno";75;49;55;104
"038028";"Terre del Reno";76;46;58;104
"038028";"Terre del Reno";77;55;55;110
"038028";"Terre del Reno";78;51;62;113
"038028";"Terre del Reno";79;56;71;127
"038028";"Terre del Reno";80;32;41;73
"038028";"Terre del Reno";81;36;37;73
"038028";"Terre del Reno";82;32;45;77
"038028";"Terre del Reno";83;32;33;65
"038028";"Terre del Reno";84;36;38;74
"038028";"Terre del Reno";85;33;60;93
"038028";"Terre del Reno";86;26;40;66
"038028";"Terre del Reno";87;28;35;63
"038028";"Terre del Reno";88;19;29;48
"038028";"Terre del Reno";89;16;25;41
"038028";"Terre del Reno";90;11;19;30
"038028";"Terre del Reno";91;12;29;41
"038028";"Terre del Reno";92;7;14;21
"038028";"Terre del Reno";93;8;17;25
"038028";"Terre del Reno";94;5;11;16
"038028";"Terre del Reno";95;5;11;16
"038028";"Terre del Reno";96;2;7;9
"038028";"Terre del Reno";97;2;3;5
"038028";"Terre del Reno";98;0;3;3
"038028";"Terre del Reno";99;1;2;3
"038028";"Terre del Reno";100;0;6;6
"038028";"Terre del Reno";999;5176;5281;10457
"038030";"Tresignana";0;16;16;32
"038030";"Tresignana";1;16;12;28
"038030";"Tresignana";2;17;17;34
"038030";"Tresignana";3;17;18;35
"038030";"Tresignana";4;22;18;40
"038030";"Tresignana";5;19;21;40
"038030";"Tresignana";6;14;26;40
"038030";"Tresignana";7;17;24;41
"038030";"Tresignana";8;28;17;45
"038030";"Tresignana";9;24;16;40
"038030";"Tresignana";10;33;24;57
"038030";"Tresignana";11;23;32;55
"038030";"Tresignana";12;31;26;57
"038030";"Tresignana";13;26;18;44
"038030";"Tresignana";14;38;37;75
"038030";"Tresignana";15;30;35;65
"038030";"Tresignana";16;26;23;49
"038030";"Tresignana";17;35;31;66
"038030";"Tresignana";18;24;20;44
"038030";"Tresignana";19;25;26;51
"038030";"Tresignana";20;33;23;56
"038030";"Tresignana";21;32;21;53
"038030";"Tresignana";22;21;23;44
"038030";"Tresignana";23;36;19;55
"038030";"Tresignana";24;35;28;63
"038030";"Tresignana";25;44;28;72
"038030";"Tresignana";26;43;30;73
"038030";"Tresignana";27;42;23;65
"038030";"Tresignana";28;38;25;63
"038030";"Tresignana";29;42;24;66
"038030";"Tresignana";30;35;28;63
"038030";"Tresignana";31;35;24;59
"038030";"Tresignana";32;32;32;64
"038030";"Tresignana";33;26;30;56
"038030";"Tresignana";34;30;29;59
"038030";"Tresignana";35;32;27;59
"038030";"Tresignana";36;27;35;62
"038030";"Tresignana";37;27;37;64
"038030";"Tresignana";38;28;31;59
"038030";"Tresignana";39;37;33;70
"038030";"Tresignana";40;29;31;60
"038030";"Tresignana";41;25;27;52
"038030";"Tresignana";42;35;38;73
"038030";"Tresignana";43;39;39;78
"038030";"Tresignana";44;35;38;73
"038030";"Tresignana";45;33;51;84
"038030";"Tresignana";46;36;36;72
"038030";"Tresignana";47;40;52;92
"038030";"Tresignana";48;46;41;87
"038030";"Tresignana";49;58;50;108
"038030";"Tresignana";50;47;62;109
"038030";"Tresignana";51;57;64;121
"038030";"Tresignana";52;50;66;116
"038030";"Tresignana";53;69;54;123
"038030";"Tresignana";54;55;71;126
"038030";"Tresignana";55;60;51;111
"038030";"Tresignana";56;54;73;127
"038030";"Tresignana";57;64;65;129
"038030";"Tresignana";58;50;67;117
"038030";"Tresignana";59;60;53;113
"038030";"Tresignana";60;59;71;130
"038030";"Tresignana";61;55;63;118
"038030";"Tresignana";62;69;71;140
"038030";"Tresignana";63;53;53;106
"038030";"Tresignana";64;48;59;107
"038030";"Tresignana";65;56;46;102
"038030";"Tresignana";66;40;68;108
"038030";"Tresignana";67;55;53;108
"038030";"Tresignana";68;57;71;128
"038030";"Tresignana";69;46;50;96
"038030";"Tresignana";70;54;52;106
"038030";"Tresignana";71;28;57;85
"038030";"Tresignana";72;50;34;84
"038030";"Tresignana";73;59;62;121
"038030";"Tresignana";74;50;33;83
"038030";"Tresignana";75;46;56;102
"038030";"Tresignana";76;39;46;85
"038030";"Tresignana";77;43;50;93
"038030";"Tresignana";78;54;38;92
"038030";"Tresignana";79;39;51;90
"038030";"Tresignana";80;25;32;57
"038030";"Tresignana";81;33;41;74
"038030";"Tresignana";82;23;37;60
"038030";"Tresignana";83;22;37;59
"038030";"Tresignana";84;24;40;64
"038030";"Tresignana";85;25;40;65
"038030";"Tresignana";86;17;36;53
"038030";"Tresignana";87;19;36;55
"038030";"Tresignana";88;17;30;47
"038030";"Tresignana";89;13;31;44
"038030";"Tresignana";90;11;29;40
"038030";"Tresignana";91;11;22;33
"038030";"Tresignana";92;7;15;22
"038030";"Tresignana";93;4;11;15
"038030";"Tresignana";94;6;9;15
"038030";"Tresignana";95;4;9;13
"038030";"Tresignana";96;6;3;9
"038030";"Tresignana";97;2;1;3
"038030";"Tresignana";98;1;6;7
"038030";"Tresignana";99;0;2;2
"038030";"Tresignana";100;0;1;1
"038030";"Tresignana";999;3368;3588;6956
"038022";"Vigarano Mainarda";0;22;18;40
"038022";"Vigarano Mainarda";1;22;16;38
"038022";"Vigarano Mainarda";2;22;21;43
"038022";"Vigarano Mainarda";3;34;19;53
"038022";"Vigarano Mainarda";4;27;27;54
"038022";"Vigarano Mainarda";5;31;20;51
"038022";"Vigarano Mainarda";6;27;29;56
"038022";"Vigarano Mainarda";7;28;28;56
"038022";"Vigarano Mainarda";8;38;29;67
"038022";"Vigarano Mainarda";9;28;32;60
"038022";"Vigarano Mainarda";10;31;39;70
"038022";"Vigarano Mainarda";11;32;32;64
"038022";"Vigarano Mainarda";12;34;33;67
"038022";"Vigarano Mainarda";13;37;37;74
"038022";"Vigarano Mainarda";14;38;37;75
"038022";"Vigarano Mainarda";15;52;32;84
"038022";"Vigarano Mainarda";16;40;42;82
"038022";"Vigarano Mainarda";17;44;30;74
"038022";"Vigarano Mainarda";18;36;30;66
"038022";"Vigarano Mainarda";19;39;30;69
"038022";"Vigarano Mainarda";20;39;36;75
"038022";"Vigarano Mainarda";21;27;32;59
"038022";"Vigarano Mainarda";22;37;31;68
"038022";"Vigarano Mainarda";23;39;24;63
"038022";"Vigarano Mainarda";24;27;27;54
"038022";"Vigarano Mainarda";25;34;35;69
"038022";"Vigarano Mainarda";26;38;28;66
"038022";"Vigarano Mainarda";27;29;29;58
"038022";"Vigarano Mainarda";28;37;25;62
"038022";"Vigarano Mainarda";29;36;32;68
"038022";"Vigarano Mainarda";30;31;28;59
"038022";"Vigarano Mainarda";31;28;34;62
"038022";"Vigarano Mainarda";32;43;29;72
"038022";"Vigarano Mainarda";33;43;44;87
"038022";"Vigarano Mainarda";34;43;32;75
"038022";"Vigarano Mainarda";35;45;43;88
"038022";"Vigarano Mainarda";36;44;31;75
"038022";"Vigarano Mainarda";37;34;44;78
"038022";"Vigarano Mainarda";38;38;29;67
"038022";"Vigarano Mainarda";39;37;36;73
"038022";"Vigarano Mainarda";40;54;40;94
"038022";"Vigarano Mainarda";41;35;52;87
"038022";"Vigarano Mainarda";42;35;48;83
"038022";"Vigarano Mainarda";43;46;50;96
"038022";"Vigarano Mainarda";44;59;46;105
"038022";"Vigarano Mainarda";45;33;60;93
"038022";"Vigarano Mainarda";46;47;66;113
"038022";"Vigarano Mainarda";47;56;51;107
"038022";"Vigarano Mainarda";48;57;71;128
"038022";"Vigarano Mainarda";49;71;61;132
"038022";"Vigarano Mainarda";50;66;66;132
"038022";"Vigarano Mainarda";51;78;58;136
"038022";"Vigarano Mainarda";52;61;63;124
"038022";"Vigarano Mainarda";53;71;70;141
"038022";"Vigarano Mainarda";54;58;72;130
"038022";"Vigarano Mainarda";55;64;64;128
"038022";"Vigarano Mainarda";56;58;63;121
"038022";"Vigarano Mainarda";57;76;67;143
"038022";"Vigarano Mainarda";58;76;61;137
"038022";"Vigarano Mainarda";59;76;71;147
"038022";"Vigarano Mainarda";60;73;70;143
"038022";"Vigarano Mainarda";61;55;59;114
"038022";"Vigarano Mainarda";62;59;63;122
"038022";"Vigarano Mainarda";63;60;66;126
"038022";"Vigarano Mainarda";64;51;63;114
"038022";"Vigarano Mainarda";65;50;61;111
"038022";"Vigarano Mainarda";66;46;45;91
"038022";"Vigarano Mainarda";67;50;45;95
"038022";"Vigarano Mainarda";68;46;51;97
"038022";"Vigarano Mainarda";69;53;60;113
"038022";"Vigarano Mainarda";70;52;45;97
"038022";"Vigarano Mainarda";71;43;53;96
"038022";"Vigarano Mainarda";72;32;52;84
"038022";"Vigarano Mainarda";73;48;54;102
"038022";"Vigarano Mainarda";74;38;43;81
"038022";"Vigarano Mainarda";75;34;41;75
"038022";"Vigarano Mainarda";76;41;41;82
"038022";"Vigarano Mainarda";77;34;48;82
"038022";"Vigarano Mainarda";78;41;49;90
"038022";"Vigarano Mainarda";79;40;37;77
"038022";"Vigarano Mainarda";80;17;32;49
"038022";"Vigarano Mainarda";81;31;35;66
"038022";"Vigarano Mainarda";82;29;33;62
"038022";"Vigarano Mainarda";83;24;30;54
"038022";"Vigarano Mainarda";84;28;31;59
"038022";"Vigarano Mainarda";85;23;39;62
"038022";"Vigarano Mainarda";86;21;27;48
"038022";"Vigarano Mainarda";87;10;25;35
"038022";"Vigarano Mainarda";88;16;31;47
"038022";"Vigarano Mainarda";89;9;19;28
"038022";"Vigarano Mainarda";90;8;14;22
"038022";"Vigarano Mainarda";91;9;13;22
"038022";"Vigarano Mainarda";92;13;13;26
"038022";"Vigarano Mainarda";93;2;13;15
"038022";"Vigarano Mainarda";94;10;11;21
"038022";"Vigarano Mainarda";95;2;4;6
"038022";"Vigarano Mainarda";96;2;6;8
"038022";"Vigarano Mainarda";97;0;4;4
"038022";"Vigarano Mainarda";98;1;3;4
"038022";"Vigarano Mainarda";99;1;2;3
"038022";"Vigarano Mainarda";100;1;5;6
"038022";"Vigarano Mainarda";999;3771;3866;7637
"038023";"Voghiera";0;2;6;8
"038023";"Voghiera";1;10;8;18
"038023";"Voghiera";2;7;10;17
"038023";"Voghiera";3;7;7;14
"038023";"Voghiera";4;9;4;13
"038023";"Voghiera";5;8;6;14
"038023";"Voghiera";6;7;10;17
"038023";"Voghiera";7;11;10;21
"038023";"Voghiera";8;10;17;27
"038023";"Voghiera";9;6;9;15
"038023";"Voghiera";10;14;14;28
"038023";"Voghiera";11;11;14;25
"038023";"Voghiera";12;13;12;25
"038023";"Voghiera";13;16;13;29
"038023";"Voghiera";14;12;13;25
"038023";"Voghiera";15;20;11;31
"038023";"Voghiera";16;19;18;37
"038023";"Voghiera";17;15;12;27
"038023";"Voghiera";18;20;9;29
"038023";"Voghiera";19;15;12;27
"038023";"Voghiera";20;23;14;37
"038023";"Voghiera";21;14;8;22
"038023";"Voghiera";22;17;15;32
"038023";"Voghiera";23;26;13;39
"038023";"Voghiera";24;11;12;23
"038023";"Voghiera";25;15;13;28
"038023";"Voghiera";26;15;16;31
"038023";"Voghiera";27;20;11;31
"038023";"Voghiera";28;22;16;38
"038023";"Voghiera";29;13;13;26
"038023";"Voghiera";30;13;20;33
"038023";"Voghiera";31;9;13;22
"038023";"Voghiera";32;16;11;27
"038023";"Voghiera";33;18;12;30
"038023";"Voghiera";34;11;18;29
"038023";"Voghiera";35;13;20;33
"038023";"Voghiera";36;16;14;30
"038023";"Voghiera";37;19;18;37
"038023";"Voghiera";38;17;13;30
"038023";"Voghiera";39;9;18;27
"038023";"Voghiera";40;20;13;33
"038023";"Voghiera";41;15;12;27
"038023";"Voghiera";42;13;17;30
"038023";"Voghiera";43;16;17;33
"038023";"Voghiera";44;18;18;36
"038023";"Voghiera";45;16;19;35
"038023";"Voghiera";46;14;27;41
"038023";"Voghiera";47;17;21;38
"038023";"Voghiera";48;26;20;46
"038023";"Voghiera";49;38;22;60
"038023";"Voghiera";50;28;27;55
"038023";"Voghiera";51;22;37;59
"038023";"Voghiera";52;25;25;50
"038023";"Voghiera";53;32;38;70
"038023";"Voghiera";54;33;37;70
"038023";"Voghiera";55;30;47;77
"038023";"Voghiera";56;33;41;74
"038023";"Voghiera";57;27;31;58
"038023";"Voghiera";58;43;37;80
"038023";"Voghiera";59;42;29;71
"038023";"Voghiera";60;37;42;79
"038023";"Voghiera";61;42;33;75
"038023";"Voghiera";62;28;36;64
"038023";"Voghiera";63;28;34;62
"038023";"Voghiera";64;35;26;61
"038023";"Voghiera";65;24;24;48
"038023";"Voghiera";66;28;26;54
"038023";"Voghiera";67;20;31;51
"038023";"Voghiera";68;27;26;53
"038023";"Voghiera";69;33;27;60
"038023";"Voghiera";70;18;34;52
"038023";"Voghiera";71;24;21;45
"038023";"Voghiera";72;22;21;43
"038023";"Voghiera";73;25;25;50
"038023";"Voghiera";74;20;18;38
"038023";"Voghiera";75;29;18;47
"038023";"Voghiera";76;22;33;55
"038023";"Voghiera";77;27;21;48
"038023";"Voghiera";78;17;22;39
"038023";"Voghiera";79;28;23;51
"038023";"Voghiera";80;12;18;30
"038023";"Voghiera";81;11;28;39
"038023";"Voghiera";82;15;19;34
"038023";"Voghiera";83;22;17;39
"038023";"Voghiera";84;12;28;40
"038023";"Voghiera";85;10;23;33
"038023";"Voghiera";86;11;23;34
"038023";"Voghiera";87;17;25;42
"038023";"Voghiera";88;9;14;23
"038023";"Voghiera";89;11;9;20
"038023";"Voghiera";90;10;11;21
"038023";"Voghiera";91;12;10;22
"038023";"Voghiera";92;3;15;18
"038023";"Voghiera";93;1;6;7
"038023";"Voghiera";94;2;5;7
"038023";"Voghiera";95;1;1;2
"038023";"Voghiera";96;1;2;3
"038023";"Voghiera";97;1;3;4
"038023";"Voghiera";98;1;1;2
"038023";"Voghiera";99;0;2;2
"038023";"Voghiera";100;0;2;2
"038023";"Voghiera";999;1753;1841;3594
"Nota: lo stato civile è in corso di validazione."
